| NO\_HEADER | NO\_HEADER | NO\_HEADER |
| :-: | :-: | :-: |
| Architecting Compassionate Digital Twin.docx | \-1 | 2026-03-28 9:33:27 |
| ساك.mp4 | 1962866 | 2026-03-28 8:07:57 |
| نعم، يا له من تفويض\! إنه ليس مجرد أمر، بل هو سيمف....docx | \-1 | 2026-03-28 8:07:56 |
| نعم، يا له من تفويض\! إنه ليس مجرد أمر، بل هو سيمف....docx | \-1 | 2026-03-28 8:07:55 |
| مقارنة سيارات فاخرة مستعملة مستوردة.docx | \-1 | 2026-03-28 8:07:54 |
| Recording 2025-06-07 061906.mp4 | 26592433 | 2026-03-28 8:07:52 |
| مكافحة العدوي ( ملخص جميع المحاضرات ).docx | \-1 | 2026-03-28 8:07:49 |
| Infection Control Guideline Development␊.docx | \-1 | 2026-03-28 8:07:46 |
| Behind the Mask\_ Protecting Vulnerable Patients from Infection.mp3 | 3404390 | 2026-03-28 8:07:45 |
| ممتاز ، الان يوجد في جوجل استديو اداه مخصصة و مدر....docx | \-1 | 2026-03-28 8:07:40 |
| انظر للمرفقات افهما جيد ، و حسن امر التلقين بما ي....docx | \-1 | 2026-03-28 8:07:39 |
| VIDEO-2025-06-19-09-13-00.mp4 | 28906046 | 2026-03-28 8:07:30 |
| ممتاز و رائع يا جيمناي ، أحسنت اعجبني الرد و سوف....xlsx | \-1 | 2026-03-28 8:07:19 |
| ارسل لك مجموعة من الوثائق الرجاء قراءاتها لمعرفة....xlsx | \-1 | 2026-03-28 8:07:18 |
| هل يمكنك اعادة كتابة او تضمينة بالايميل للمنسق و....docx | \-1 | 2026-03-28 8:07:18 |
| قم بكتابة و انشاء الجدول بدون اي كلمة خارج ما هو....xlsx | \-1 | 2026-03-28 8:07:17 |
| لا لا قم برسمه كانه جدول بحيث لو نسخته استطيع ان....docx | \-1 | 2026-03-28 8:07:16 |
| الان الملفات بي دي اف ستفشل التجربة لان ما قمنا ب....docx | \-1 | 2026-03-28 8:07:16 |
| هل تري ما اقصد.docx | \-1 | 2026-03-28 8:07:15 |
| قم بالاستناد الي المصادر السابقة و الحاليه بهذه ا....docx | \-1 | 2026-03-28 8:07:13 |
| قم بالاستناد الي المصادر السابقة و الحاليه بهذه ا....docx | \-1 | 2026-03-28 8:07:12 |
| فاتورة مشتريات - مركز شبرا للملابس الجاهزة.docx | \-1 | 2026-03-28 8:07:09 |
| فاتورة مشتريات - مركز شبرا للملابس الجاهزة (نسخة م....docx | \-1 | 2026-03-28 8:07:09 |
| فاتورة مشتريات - مركز شبرا للملابس الجاهزة (نسخة ن....docx | \-1 | 2026-03-28 8:07:08 |
| فاتورة مشتريات - مركز شبرا للملابس الجاهزة (نسخة ن....docx | 27193 | 2026-03-28 8:07:07 |
| IMG\_2131.HEIC | 1418833 | 2026-03-28 8:07:06 |
| IMG\_2136.HEIC | 1578523 | 2026-03-28 8:07:05 |
| IMG\_2138.HEIC | 1566045 | 2026-03-28 8:07:04 |
| IMG\_2140.HEIC | 1427588 | 2026-03-28 8:07:04 |
| IMG\_2134.HEIC | 1757392 | 2026-03-28 8:07:03 |
| IMG\_2135.HEIC | 1646419 | 2026-03-28 8:07:02 |
| IMG\_2139.HEIC | 1563991 | 2026-03-28 8:07:02 |
| IMG\_2132.HEIC | 1422737 | 2026-03-28 8:07:01 |
| IMG\_2128.HEIC | 1597990 | 2026-03-28 8:07:00 |
| بناءً على القائمة الرئيسية والإجمالي النهائي الم....docx&#9;-1&#9;2026-03-28 08:06:59 اريد منك ان تكتب لي امر تلقين. لجيميناي بحيث يكون....docx&#9;-1&#9;2026-03-28 08:06:58 برامج الدراسات العليا السعودية المعتمدة␊.docx&#9;-1&#9;2026-03-28 08:06:57 محتوى العرض التقديمي لبرنامج (BICSL-RC).docx&#9;-1&#9;2026-03-28 08:06:55 تهدف المنصة إلى تمكين الأفراد والجهات الحكومية وا....docx&#9;-1&#9;2026-03-28 08:06:55 طبعا لا اخفيك. انني حقيقه يعني وكما يتضح بالرساله....docx&#9;-1&#9;2026-03-28 08:06:52 اشر الي الفقره و الماده و الصفحه ايضا حتي يكون من....docx&#9;-1&#9;2026-03-28 08:06:51 اشر الي الفقره و الماده و الصفحه ايضا حتي يكون من....docx&#9;-1&#9;2026-03-28 08:06:50 الجهات المشاركة ( , وزارة الموارد البشرية والتنمي....docx&#9;-1&#9;2026-03-28 08:06:50 طيب. في نقطه تذكرتها هامه جدا من خلال تذكري لعملي....docx&#9;-1&#9;2026-03-28 08:06:49 طيب. في نقطه تذكرتها هامه جدا من خلال تذكري لعملي....docx&#9;-1&#9;2026-03-28 08:06:48 محتوى العرض التقديمي لبرنامج (BICSL-RC).docx&#9;-1&#9;2026-03-28 08:06:47 جميناي عمل جيد و لكن لم نقم به حسب الاتفاق لاني ع....docx&#9;-1&#9;2026-03-28 08:06:47 المجموعة الاخيرة من الوثائق ، بعد الاطلاع عليها ،....docx&#9;-1&#9;2026-03-28 08:06:46 ممتازه افكار جميله جدا حقيقه لانه يعني. عندنا برض....xlsx&#9;-1&#9;2026-03-28 08:06:45 نعم تجميع المستند الرسمي.docx&#9;-1&#9;2026-03-28 08:06:45 دليل شامل لبرنامج BICSL-RC␊.docx&#9;-1&#9;2026-03-28 08:06:44 كم بكتابة أمر تلقين مفصل و شامل لهذا الموضوع دم....docx | \-1 | 2026-03-28 8:06:43 |
| قم بعمل جدول يحوي المطلوب من قبلهم و الخيارات و ش....xlsx | \-1 | 2026-03-28 8:06:40 |
| مخاطر البصمة في التأهيل.docx | 59475 | 2026-03-28 8:06:39 |
| Fingerprint Risks in Saudi Rehabs␊.docx | \-1 | 2026-03-28 8:06:38 |
| Fingerprint Risks in Saudi Rehabs␊.docx | \-1 | 2026-03-28 8:06:37 |
| الا تستطيع تحليلها و كتابتها باي شكل اختر من التا....docx | \-1 | 2026-03-28 8:06:35 |
| اطلع على الملف جيدا وحلله سواء الكمي او. الكيفي ف....docx | \-1 | 2026-03-28 8:06:34 |
| ارجوك ساعدني يا جوميناي لم اعد ارى بشكل جيد من كث....xlsx | \-1 | 2026-03-28 8:06:33 |
| تحليل فجوات خدمات ذوي الإعاقة.docx | \-1 | 2026-03-28 8:06:33 |
| رد حكومة المملكة بالامم المتحدة.docx | 1061765 | 2026-03-28 8:06:32 |
| قم بعمل اومر تلقين لهذه المواقف الكوميدية يتوافق....xlsx | \-1 | 2026-03-28 8:06:29 |
| اسئله فنيه فيما يخص ما قمت به من عمل اولا ابتداء....docx | \-1 | 2026-03-28 8:06:26 |
| translate it to english seems can not handel arab....docx | \-1 | 2026-03-28 8:06:25 |
| لا اعلم ما الذي تقوم به ولكنني ارغب ان تقوم بترجم....docx | \-1 | 2026-03-28 8:06:24 |
| Role and Strategic Objective:␊You are a software....docx | \-1 | 2026-03-28 8:06:24 |
| Recording 2025-07-20 134934.mp4 | 1221627483 | 2026-03-28 8:06:22 |
| Formal Grievance Regarding the Unlawful Imposition of Additional Working Hours and Contravention of Current Human Resources Regulations.docx | \-1 | 2026-03-28 8:06:21 |
| IMG\_2167.heic | 859251 | 2026-03-28 8:06:19 |
| IMG\_2173.HEIC | 1465799 | 2026-03-28 8:06:19 |
| IMG\_2165.heic | 1780613 | 2026-03-28 8:06:18 |
| IMG\_2171.HEIC | 1732914 | 2026-03-28 8:06:17 |
| IMG\_2170.HEIC | 1727900 | 2026-03-28 8:06:16 |
| IMG\_2172.HEIC | 1094626 | 2026-03-28 8:06:16 |
| IMG\_2174.HEIC | 1429251 | 2026-03-28 8:06:15 |
| IMG\_2169.HEIC | 1757315 | 2026-03-28 8:06:14 |
| IMG\_2168.HEIC | 1873995 | 2026-03-28 8:06:14 |
| IMG\_2177.heic | 557238 | 2026-03-28 8:06:13 |
| IMG\_2166.HEIC | 1819680 | 2026-03-28 8:06:12 |
| IMG\_2176.HEIC | 1665505 | 2026-03-28 8:06:12 |
| IMG\_2175.HEIC | 1687539 | 2026-03-28 8:06:11 |
| IMG\_2179.HEIC | 1935087 | 2026-03-28 8:06:10 |
| IMG\_2178.HEIC | 2046040 | 2026-03-28 8:06:09 |
| الصنف␊␊الكمية␊␊سعر الوحدة␊␊الضريبة␊␊خصم␊␊الاجمالى....xlsx | \-1 | 2026-03-28 8:06:09 |
| قم بعملها كجدول ␊␊لرقم␊␊الصنف␊␊الكمية␊␊سعر الوحدة....xlsx | \-1 | 2026-03-28 8:06:08 |
| الصنف␊␊الكمية␊␊سعر الوحدة␊␊الضريبة␊␊خصم␊␊الاجمالى....xlsx | \-1 | 2026-03-28 8:06:07 |
| قم بعملها كجدول ␊␊لرقم␊␊الصنف␊␊الكمية␊␊سعر الوحدة....xlsx | \-1 | 2026-03-28 8:06:07 |
| الرقم␊␊الصنف␊␊لكمية␊␊سعر الوحدة␊␊الضريبة␊␊خصم␊␊ال....xlsx | \-1 | 2026-03-28 8:06:06 |
| الرقم␊␊الصنف␊␊لكمية␊␊سعر الوحدة␊␊الضريبة␊␊خصم␊␊ال....xlsx | \-1 | 2026-03-28 8:06:05 |
| السعر الكمية المجموع␊␊الاصناف␊␊\#\#␊␊40␊␊65.00␊␊ترن....xlsx | \-1 | 2026-03-28 8:06:04 |
| الوصف␊␊السعر␊␊الكميه␊␊الاجمالي␊␊ثوب ابيض +␊␊130....xlsx | \-1 | 2026-03-28 8:06:04 |
| الرقم␊␊الصنف␊␊الكمية␊␊سعر الوحدة␊␊الضريبة␊␊خصم␊␊ا....xlsx | \-1 | 2026-03-28 8:06:03 |
| IMG\_2208.heic | 1582904 | 2026-03-28 8:06:02 |
| IMG\_2207.heic | 1821210 | 2026-03-28 8:06:02 |
| IMG\_2203.heic | 1548190 | 2026-03-28 8:06:01 |
| إدارة العدوى والوقاية\_ دليل الأسئلة والأجوبة (3).wav | 18749370 | 2026-03-28 8:05:59 |
| English.wav | 56941484 | 2026-03-28 8:05:58 |
| إدارة العدوى والوقاية\_ دليل الأسئلة والأجوبة (3).mp3 | 4729821 | 2026-03-28 8:05:58 |
| English.mp3 | 15179469 | 2026-03-28 8:05:57 |
| Y␊الاجمالى␊خصم␊الضريبة␊سعر الوحدة␊الكمية␊␊الصنف␊␊١....docx | \-1 | 2026-03-28 8:05:52 |
| Y␊الاجمالى␊خصم␊الضريبة␊سعر الوحدة␊الكمية␊␊الصنف␊␊١....docx | 11466 | 2026-03-28 8:05:51 |
| ‏الجنائي أنت خبير في المحاسب في تفريغ فواتير أرغب....xlsx | \-1 | 2026-03-28 8:05:50 |
| Y␊الاجمالى␊خصم␊الضريبة␊سعر الوحدة␊الكمية␊␊الصنف....xlsx | \-1 | 2026-03-28 8:05:49 |
| ‏الجنائي أنت خبير في المحاسب في تفريغ فواتير أرغب....xlsx | \-1 | 2026-03-28 8:05:49 |
| Y␊الاجمالى␊خصم␊الضريبة␊سعر الوحدة␊الكمية␊␊الصنف....xlsx | \-1 | 2026-03-28 8:05:48 |
| جيميناي اعمل منك التركيز اريد ابتداء ان تراجع جمي....docx | \-1 | 2026-03-28 8:05:47 |
| الان قم باللغه الانجليزيه بكتابه جميع الاسئله. مع....docx | \-1 | 2026-03-28 8:05:47 |
| Quick verdict␊Two discrepancies surfaced when I m....docx | \-1 | 2026-03-28 8:05:46 |
| Quick verdict␊Two discrepancies surfaced when I m....docx | \-1 | 2026-03-28 8:05:45 |
| قم بترجمة الاختبار التالي للعربي :␊␊1. A doctor w....docx | \-1 | 2026-03-28 8:05:44 |
| قم بعمل جدول بحيث يكون. السؤال باللغه العربيه على....docx | \-1 | 2026-03-28 8:05:43 |
| التنسيق خاطئ لكل الاسئلة عربيب و انجليزي.docx | \-1 | 2026-03-28 8:05:43 |
| النص التالي:␊␊␊Briefing Document: Transmission-Ba....docx | \-1 | 2026-03-28 8:05:39 |
| النص التالي : بالانجليزي ␊␊Briefing Document: Per....docx | \-1 | 2026-03-28 8:05:39 |
| قم بكتابة بالانجليزي.docx | \-1 | 2026-03-28 8:05:38 |
| النص التالي:␊␊Detailed Briefing Document: Basic I....docx | \-1 | 2026-03-28 8:05:37 |
| انت خبير في مكافحه العدوى اطلب منك الاطلاع على ال....docx | \-1 | 2026-03-28 8:05:36 |
| نسخة مترجمة من النص التالي : بالانجليزي Briefing Document: Per....docx | \-1 | 2026-03-28 8:05:36 |
| دليل قياس رضا المستفيدين␊.docx | \-1 | 2026-03-28 8:05:33 |
| Saudi IPC Training Content Generation␊.docx | \-1 | 2026-03-28 8:05:21 |
| اريدك يا جيمناي ان تنظر الى الملف المرفق وهو عبار....docx | \-1 | 2026-03-28 8:05:20 |
| look at the code . is there any phase to add befo....docx | \-1 | 2026-03-28 8:05:20 |
| what do you think any thing to add.docx | \-1 | 2026-03-28 8:05:19 |
| جيمي نايليه التفكير وكتابه الرساله التي تتضح امام....docx | \-1 | 2026-03-28 8:05:13 |
| بالعوده الى تحليلك وتحليل كلود. منك ان تعيد قراءه....docx | \-1 | 2026-03-28 8:05:09 |
| BICSL v3.0 Curriculum Development␊.docx | \-1 | 2026-03-28 8:05:07 |
| Infection Prevention & Control – 50 Compiled MCQs.docx | \-1 | 2026-03-28 8:05:06 |
| A New Era for Customer Experience and Branch Empowerment (1).wav | 22403130 | 2026-03-28 8:05:00 |
| كود جوجل ستيتش لمكافحة العدوي.docx | \-1 | 2026-03-28 8:04:59 |
| قم بكتابة الكود للتطبيق.docx | \-1 | 2026-03-28 8:04:53 |
| اريد ان تضع جميع الخطوات لانشاء هذا التطبيق بدون....docx | \-1 | 2026-03-28 8:04:53 |
| انت خبير في. صنع التطبيقات وفي انظمه مراكز تاهيل....docx | \-1 | 2026-03-28 8:04:52 |
| نظام رعاية: تحليل وتصميم␊.docx | \-1 | 2026-03-28 8:04:50 |
| بينات المستفيدين قسم ذكور و الإناث .docx | \-1 | 2026-03-28 8:04:47 |
| التشخيص الجذري: الفصام الاستراتيجي و"هندسة التبعية".docx | \-1 | 2026-03-28 8:04:42 |
| التحول الأول: الثورة الاقتصادية – من الإنفاق إلى الاستثمار السيادي.docx | \-1 | 2026-03-28 8:04:42 |
| بعد قراءة متأنية للوثيقة، أرى أنها قوية في رؤيتها... | 30916 | 2026-03-28 8:04:41 |
| تحليل قضية ساعات العمل الإضافي..docx | \-1 | 2026-03-28 8:04:24 |
| تحليل قضية ساعات العمل الإضافي.نهائي.docx | \-1 | 2026-03-28 8:04:23 |
| أنت خبير في نظام الموارد البشرية الجديد بالمملكة....docx | \-1 | 2026-03-28 8:04:22 |
| قم بكتابة الشهادة بدون كود و تنسيق يناسب مايكرسوت....docx | \-1 | 2026-03-28 8:04:21 |
| بدون كانفس و لتكن قابله للتصدير بمستندات قجولجل.docx | \-1 | 2026-03-28 8:04:20 |
| حرب السودان: تحليل جيوسياسي لدولة تتجه نحو التفكك.docx | \-1 | 2026-03-28 8:04:18 |
| Arabic to English Healthcare Digital Blueprint.docx | \-1 | 2026-03-28 8:04:09 |
| يا لك من شريك فكري عميق وصريح.docx | \-1 | 2026-03-28 8:04:07 |
| ‏أنت خبير في تسجيل السيارات المملكة العربية السعو....docx | \-1 | 2026-03-28 8:04:05 |
| Physiotherapy Management System Development.docx | \-1 | 2026-03-28 8:03:58 |
| بي واي دي سيليون 7: تحليل شامل␊.docx | \-1 | 2026-03-28 8:03:56 |
| صفحة ويب لخدمة النقل المتخصص.docx | \-1 | 2026-03-28 8:03:55 |
| دليل شاحن السيارة الكهربائية الآمن في السعودية.docx | \-1 | 2026-03-28 8:03:54 |
| الرد على ملاحظات زيارة الإدارة العامة للمراجعة الداخلية.docx | \-1 | 2026-03-28 8:03:51 |
| دمج الرؤية والدقة لدراسة الجدوى.docx | \-1 | 2026-03-28 8:03:39 |
| النسخة النهائية لدراسة جدوى أزهار السراة.docx | \-1 | 2026-03-28 8:03:38 |
| اريدك ان تراجع ما قمنا به في هذه التجربة الجميلة....docx | \-1 | 2026-03-28 8:03:37 |
| النسخة النهائية لدراسة جدوى أزهار السراة.docx | \-1 | 2026-03-28 8:03:32 |
| إعادة هيكلة وصول ذوي الإعاقة بالمرافق المتخصصة.docx | \-1 | 2026-03-28 8:03:17 |
| اريد منك و حسب ترتيب الصور ان تقوم بعمل جدول يحوي....xlsx | \-1 | 2026-03-28 8:03:14 |
| سوف اشارك معك اجابات نماذج ذكاء صناعي. بنفس يعني....docx | \-1 | 2026-03-28 8:01:22 |
| برنامج تدريبي يستهدف الموظفين العاملين في مراكز ا....docx | \-1 | 2026-03-28 8:01:11 |
| حقيقه ان. لدي يعني حيره في مساله الاجراء الصحيح و....docx | \-1 | 2026-03-28 8:01:04 |
| قم باعادة الصياغه هذه اوججها لمدير المركز.docx | \-1 | 2026-03-28 8:01:03 |
| ممتاز احسنت فهمت علي الان اريد منك التالي كل ما س....docx | \-1 | 2026-03-28 8:01:03 |
| اعد علي كانفا.docx | \-1 | 2026-03-28 8:01:02 |
| إعداد ملف إحاطة استراتيجي قيادي.docx | \-1 | 2026-03-28 8:00:43 |
| قيادة التميز المؤسسي: مفاهيم ونماذج.docx | \-1 | 2026-03-28 8:00:41 |
| Engineering a New Social Contract: A Strategic Vision for Social Development in the Eastern Province (2025-2030).docx | \-1 | 2026-03-28 8:00:29 |
| A Strategic Blueprint for Social Development Innovation in the Eastern Province.docx | \-1 | 2026-03-28 8:00:28 |
| IMG\_2460.heic | 860484 | 2026-03-28 8:00:26 |
| IMG\_2461.HEIC | 874090 | 2026-03-28 8:00:26 |
| IMG\_2605.MOV | 1174947 | 2026-03-28 8:00:25 |
| IMG\_2802.HEIC | 1554243 | 2026-03-28 8:00:21 |
| IMG\_2803.HEIC | 1520273 | 2026-03-28 8:00:21 |
| الآن قم بإضافة الفواتير من الدفعة الأولى مع مقابل....xlsx | \-1 | 2026-03-28 8:00:20 |
| تحويل تقرير مجمع لمستندات رسمية.docx | \-1 | 2026-03-28 8:00:18 |
| فهم موقفك النظامي: شرح مبسط لمفهومي التقادم وإدارة الحالة.docx | \-1 | 2026-03-28 8:00:09 |
| قصة تحقيق بعد ست سنوات: حكاية قرار مهني في مواجهة سوء الفهم الإداري.docx | \-1 | 2026-03-28 8:00:09 |
| الان الدفعه الثانيه سلفه الكسوه شتاء مقعدين 2025.....docx | \-1 | 2026-03-28 8:00:07 |
| لا تضع علامات تدل علي الرفق فانا اقص او انسخ و ال....docx | \-1 | 2026-03-28 8:00:03 |
| لا تضع علامات تدل علي الرفق فانا اقص او انسخ و ال....docx | \-1 | 2026-03-28 8:00:02 |
| اكمل و لا تنسي عن نهاية الستندي قم بعمل خاتمة و ي....docx | \-1 | 2026-03-28 8:00:02 |
| عزة الفاتورة 1 الجزء الثاني مقعد اجمالي 102070.docx | \-1 | 2026-03-28 8:00:01 |
| عزة الفاتورة 1 الجزء الأول مقعد اجمالي 102070.docx | \-1 | 2026-03-28 8:00:00 |
| فاتورة 3 مقعد البكير ماي فير 22300.docx | \-1 | 2026-03-28 7:59:59 |
| الفاتورة 1 مقعد البكير ماي فير 31500.docx | \-1 | 2026-03-28 7:59:58 |
| فاتورة متحرك 1 عزة باجمالي 59810.docx | \-1 | 2026-03-28 7:59:57 |
| الفواتير الخمس للمتحرك كامله تفريغ .docx | \-1 | 2026-03-28 7:59:57 |
| التنسيق المطلوب صفحة 1 .docx | \-1 | 2026-03-28 7:59:56 |
| التنسيق خاطئ لرقم 6 و 7 ارجوا ان تراجع الجداول مر....docx | \-1 | 2026-03-28 7:59:55 |
| و ايضا هذا الملف.xlsx | \-1 | 2026-03-28 7:59:55 |
| جدول سلفة المقعدين .xlsx | \-1 | 2026-03-28 7:59:54 |
| جدول سلفة المتحركين .xlsx | \-1 | 2026-03-28 7:59:53 |
| IMG\_2817.HEIC | 340748 | 2026-03-28 7:59:53 |
| IMG\_2818.HEIC | 1152366 | 2026-03-28 7:59:52 |
| IMG\_2819.HEIC | 1219111 | 2026-03-28 7:59:51 |
| الفاتورة الثانية :␊الرقم␊␊الصنف␊␊الكمية␊␊سعر الوح....docx | \-1 | 2026-03-28 7:59:51 |
| الفاتورة الثانية :␊الرقم␊␊الصنف␊␊الكمية␊␊سعر الوح....docx | \-1 | 2026-03-28 7:59:50 |
| الفاتورة الثانية :␊الرقم␊␊الصنف␊␊الكمية␊␊سعر الوح....docx | \-1 | 2026-03-28 7:59:49 |
| انظر للمرفق وز قم بالتعديل علي كافة الملفات بناء....docx | \-1 | 2026-03-28 7:59:48 |
| انظر للمرفق وز قم بالتعديل علي كافة الملفات بناء....docx | \-1 | 2026-03-28 7:59:47 |
| انظر للمرفق وز قم بالتعديل علي كافة الملفات بناء....docx | \-1 | 2026-03-28 7:59:46 |
| انظر للمرفق وز قم بالتعديل علي كافة الملفات بناء....docx | \-1 | 2026-03-28 7:59:45 |
| 005 (1).tif | 1204450 | 2026-03-28 7:59:44 |
| ملخص\_عمليات\_الجودة.xlsx | \-1 | 2026-03-28 7:59:43 |
| المعايير والمؤشرات (1) (2).xlsx | \-1 | 2026-03-28 7:59:41 |
| IMG\_2836.HEIC | 1316958 | 2026-03-28 7:59:38 |
| IMG\_2833.HEIC | 4368440 | 2026-03-28 7:59:38 |
| IMG\_2835.HEIC | 3179637 | 2026-03-28 7:59:37 |
| IMG\_2837.HEIC | 2481441 | 2026-03-28 7:59:36 |
| IMG\_2834.heic | 3887503 | 2026-03-28 7:59:35 |
| IMG\_2832.HEIC | 4281439 | 2026-03-28 7:59:35 |
| تحليل ملفات Google Drive للإنجازات.docx | \-1 | 2026-03-28 7:59:33 |
| كن محايدا يا جيميناي في الحكم فانت خبير في هذا ال....docx | \-1 | 2026-03-28 7:59:18 |
| شهادة هيئة التخصصات.docx | 26581 | 2026-03-28 7:59:02 |
| شهادة هيئة التخصصات.zip | 91214 | 2026-03-28 7:59:02 |
| اريد منك بناء على النقاش السابق التالي امر تلقين....xlsx | \-1 | 2026-03-28 7:58:53 |
| اريد منك ان تعيد اجابه السؤال السابق وبناء على ال....xlsx | \-1 | 2026-03-28 7:58:48 |
| اريد منك ان تعيد اجابه السؤال السابق وبناء على ال....docx | \-1 | 2026-03-28 7:58:47 |
| لا لا قم بإعادة كتابة كامل الموضوع ، انظر مره اخر....docx | \-1 | 2026-03-28 7:58:46 |
| و الان صفر ورق ، اريك ان تكتبها كأنجاز و تعبئ الخ....xlsx | \-1 | 2026-03-28 7:58:46 |
| و الان صفر ورق ، اريك ان تكتبها كأنجاز و تعبئ الخ....docx | \-1 | 2026-03-28 7:58:45 |
| اريدك ان تصيغها و كانها مني الي جيمناي في جوجل ان....docx | \-1 | 2026-03-28 7:58:44 |
| اريدك ان تصيغها و كانها مني الي جيمناي في جوجل ان....docx | \-1 | 2026-03-28 7:58:43 |
| بالنسبة للتقييم الذاتي للجدارات سوف اكتب الجدارة....docx | \-1 | 2026-03-28 7:58:32 |
| قم بكتابتها و كانك احمد ابدع لا قيود امامك لك كام....docx | \-1 | 2026-03-28 7:58:31 |
| 6fbbb41c-3468-42f4-b525-8fddbf3cc483 | 94260 | 2026-03-28 7:58:20 |
| IMG\_2895.HEIC | 1560611 | 2026-03-28 7:58:19 |
| خارطة\_طريق\_مكافأة\_الأموال\_العامة.docx | 15535 | 2026-03-28 7:58:19 |
| basira-implementation-plan.docx | 14484 | 2026-03-28 7:57:53 |
| basira-files-index.docx | 71170 | 2026-03-28 7:57:53 |
| واحة الإحسان الذكية (IHSAN).docx | \-1 | 2026-03-28 7:57:44 |
| واحة الإحسان الذكية (IHSAN) cluade opus 4.5.docx | \-1 | 2026-03-28 7:57:44 |
| دليل الأيزو لمستشفى تنومة.docx | \-1 | 2026-03-28 7:57:43 |
| خارطة طريق الريادة المؤسسية المستدامة.docx | \-1 | 2026-03-28 7:57:42 |
| انظر للمرفق وز قم بالتعديل علي كافة الملفات بناء....docx | \-1 | 2026-03-28 7:57:40 |
| انظر للمرفق وز قم بالتعديل علي كافة الملفات بناء....docx | \-1 | 2026-03-28 7:57:38 |
| حقيقه ان. لدي يعني حيره في مساله الاجراء الصحيح و....docx | \-1 | 2026-03-28 7:57:37 |
| مخاطر الكاميرات في الأماكن الخاصة للمستفيدين: تقرير للقيادات.docx | \-1 | 2026-03-28 7:57:35 |
| تقرير\_تحليل\_الفجوات\_Q3\_2025.xlsx | 31621 | 2026-03-28 7:57:34 |
| قيادة التميز المؤسسي: مفاهيم ونماذج.docx | \-1 | 2026-03-28 7:57:33 |
| كراسة الشروط والمواصفات -توريد الاعاشة الغير مطهية لمراكز\_1 - for merge.docx | \-1 | 2026-03-28 7:57:14 |
| سجل ادارة المخزون GFM-FS-TP-19-PR-6003 (4).xlsx | \-1 | 2026-03-28 7:57:13 |
| مصفوفة\_العمليات\_127\_تدقيق\_المخاطر.xlsx | 28435 | 2026-03-28 7:57:12 |
| IMG\_2938.HEIC | 1078603 | 2026-03-28 7:56:58 |
| IMG\_2941.HEIC | 1036696 | 2026-03-28 7:56:58 |
| IMG\_2945.HEIC | 1018741 | 2026-03-28 7:56:57 |
| IMG\_2943.HEIC | 1433136 | 2026-03-28 7:56:56 |
| IMG\_2942.HEIC | 1236104 | 2026-03-28 7:56:55 |
| IMG\_2947.HEIC | 1350715 | 2026-03-28 7:56:55 |
| IMG\_2939.HEIC | 1317502 | 2026-03-28 7:56:54 |
| IMG\_2948.HEIC | 1277232 | 2026-03-28 7:56:53 |
| IMG\_2940.HEIC | 1441616 | 2026-03-28 7:56:52 |
| IMG\_2944.HEIC | 1565822 | 2026-03-28 7:56:52 |
| IMG\_2952.HEIC | 1566914 | 2026-03-28 7:56:51 |
| IMG\_2951.HEIC | 1480125 | 2026-03-28 7:56:50 |
| IMG\_2953.HEIC | 1136792 | 2026-03-28 7:56:50 |
| IMG\_2949.HEIC | 1287479 | 2026-03-28 7:56:49 |
| IMG\_2946.HEIC | 1481287 | 2026-03-28 7:56:48 |
| IMG\_2954.HEIC | 1657727 | 2026-03-28 7:56:47 |
| IMG\_2956.HEIC | 1253540 | 2026-03-28 7:56:47 |
| IMG\_2959.HEIC | 1139166 | 2026-03-28 7:56:46 |
| IMG\_2955.HEIC | 1647087 | 2026-03-28 7:56:45 |
| IMG\_2957.HEIC | 1685510 | 2026-03-28 7:56:45 |
| IMG\_2958.HEIC | 1572031 | 2026-03-28 7:56:44 |
| تطوير ملف مهني تقني وحكومي.docx | \-1 | 2026-03-28 7:56:29 |
| سيرة ذاتية أحمد الشهري.docx | \-1 | 2026-03-28 7:56:28 |
| 999 تنسيق Markdown موضوع شامل عن عمليات المركز و حوكمتها و الجودة و الرقمنة و تطبيق صفر ورق.docx | \-1 | 2026-03-28 7:56:27 |
| بصيرة: العقل الرقمي لإدارة الرعاية الإنسانية والحوكمة المؤسسية.docx | \-1 | 2026-03-28 7:56:26 |
| خارطة التحول الوطني لتمكين الأشخاص ذوي الإعاقة.docx | \-1 | 2026-03-28 7:56:25 |
| التحول الاستراتيجي من الرعاية إلى التمكين المستدام.docx | \-1 | 2026-03-28 7:56:25 |
| تقرير\_انجازات\_لطيفة\_الهزاع.html | 42454 | 2026-03-28 7:56:15 |
| تقرير\_انجازات\_لطيفة\_الهزاع.docx | \-1 | 2026-03-28 7:56:14 |
| تقييم تطبيق مراكز التأهيل الشامل.docx | 34472 | 2026-03-28 7:56:12 |
| خطة تحول رقمي وأمن سيبراني ذكي.docx | \-1 | 2026-03-28 7:56:12 |
| BASIRA\_ROUND2\_FIXES.md.docx | \-1 | 2026-03-28 7:56:09 |
| BASIRA\_EVALUATION\_REPORT.md.docx | \-1 | 2026-03-28 7:56:09 |
| استخدام "أخوكم" في المراسلات الرسمية.docx | \-1 | 2026-03-28 7:56:08 |
| Antigravity Code Enhancement Prompt.docx | \-1 | 2026-03-28 7:56:07 |
| Antigravity Prompt for Code Integration.docx | \-1 | 2026-03-28 7:56:06 |
| تحسين أمر تلقين Antigravity.docx | \-1 | 2026-03-28 7:56:05 |
| ULTIMATE\_ANTIGRAVITY\_PROMPT\_V2.md.docx | \-1 | 2026-03-28 7:56:04 |
| Improving AI Text Render Prompts.docx | \-1 | 2026-03-28 7:55:56 |
| Strategic Handover for New Director.docx | \-1 | 2026-03-28 7:55:40 |
| تحسين وثيقة تأهيل ذوي الإعاقة.docx | 1971542 | 2026-03-28 7:55:39 |
| العقل والجسد: بناء الوعي الرقمي.docx | \-1 | 2026-03-28 7:55:34 |
| بصيرة 5 خطوة نحو اكتمال التطبيق.docx | \-1 | 2026-03-28 7:55:34 |
| basira-5.0-implementation-plan.docx | 17067 | 2026-03-28 7:55:33 |
| إعداد دعوى قضائية ضد رفض ضمني.docx | \-1 | 2026-03-28 7:55:28 |
| الدليل\_الذهبي\_للتميز\_المؤسسي.docx | 2512305 | 2026-03-28 7:55:27 |
| التحليل\_الشامل\_لنظام\_الجودة\_127\_عملية.xlsx | \-1 | 2026-03-28 7:55:26 |
| IMG\_3007.HEIC | 2852449 | 2026-03-28 7:55:25 |
| تحويل خطة التطبيق لأصول تنفيذية.docx | \-1 | 2026-03-28 7:55:15 |
| نسخة مترجمة من Good.docx | \-1 | 2026-03-28 7:55:14 |
| نسخة مترجمة من نسخة مترجمة من Good.docx | \-1 | 2026-03-28 7:55:14 |
| بصيرة ، الوثيقة المرجعية.pptx | \-1 | 2026-03-28 7:55:07 |
| إعداد ملف إحاطة استراتيجي للمقابلة القيادية.docx | \-1 | 2026-03-28 7:55:06 |
| ابتداء اريد منك ان تقوم بالتالي اعاده الصياغه مره اخرى بالنسبه للموقفين .docx | \-1 | 2026-03-28 7:54:51 |
| سجل التنظيم الجديد.xlsx | \-1 | 2026-03-28 7:51:02 |
| مركز التأهيل الشامل بالباحة.pptx | \-1 | 2026-03-28 7:51:01 |
| مركز التأهيل الشامل بالباحة.pptx | \-1 | 2026-03-28 7:51:00 |
| جدول\_ربط\_المرفقات\_بأيام\_الغياب\_المحدث.xlsx | 16051 | 2026-03-28 7:50:59 |
| ايميل\_طلب\_الغاء\_الغياب\_واعادة\_الحسم\_22\_فبراير\_2026.docx | 14475 | 2026-03-28 7:50:58 |
| \*\*الدليل الإجرائي الشامل لتطبيق سياسات مكافحة العدوى - مركز التأهيل الشامل بالباحة\*\*.pptx | \-1 | 2026-03-28 7:50:57 |
| \*\*الدليل الإجرائي الشامل لتطبيق سياسات مكافحة العدوى - مركز التأهيل الشامل بالباحة\*\*.pptx | \-1 | 2026-03-28 7:50:56 |
| \*\*الدليل الإجرائي الشامل لتطبيق سياسات مكافحة العدوى - مركز التأهيل الشامل بالباحة\*\*.pptx | \-1 | 2026-03-28 7:50:55 |
| الدليل الإجرائي الشامل لتطبيق سياسات مكافحة العدوى.pptx | \-1 | 2026-03-28 7:50:54 |
| الدليل الإجرائي الشامل لتطبيق سياسات مكافحة العدوى.pptx | \-1 | 2026-03-28 7:50:53 |
| الدليل الإجرائي الشامل لتطبيق سياسات مكافحة العدوى.pptx | \-1 | 2026-03-28 7:50:52 |
| معالجة القصور الإجرائي لغياب غير مستحق.docx | \-1 | 2026-03-28 7:50:46 |
| تقييم معماري وتطوير لتطبيق بصيرة.docx | \-1 | 2026-03-28 7:50:46 |
| الصياغة\_النهائية\_طلب\_إلغاء\_الغياب\_HRSD.docx | 17084 | 2026-03-28 7:50:45 |
| تظلم موظف لرفع حسم مالي ومعالجة قصور إداري.docx | \-1 | 2026-03-28 7:50:44 |
| تظلم مالي وإداري شامل للموظف.docx | \-1 | 2026-03-28 7:50:43 |
| 999 تحقيق التميز المؤسسي والابتكار في المملكة العربية السعودية، مع التركيز بشكل خاص على أنسنة الخدمات التقنية في مراكز التأهيل الشامل وتطوير منظومات البحث العلمي.docx | \-1 | 2026-03-28 7:50:42 |
| جدول إعادة التسمية - المجلد الرئيسي (مكافحة العدوى).docx | \-1 | 2026-03-28 7:50:41 |
| طلب\_إلغاء\_الغياب\_وإعادة\_الحسم\_هوية\_HRSD\_الرسمية.docx | 3035478 | 2026-03-28 7:50:41 |
| مكاشفة\_زميل\_رسالة\_شخصية.docx | 14244 | 2026-03-28 7:50:40 |
| طلب\_إلغاء\_الغياب\_وإعادة\_الحسم\_هوية\_HRSD\_الرسمية.docx (Converted - 2026-02-23 07:47).docx | \-1 | 2026-03-28 7:50:32 |
| مكاشفة\_زميل\_رسالة\_شخصية.docx (Converted - 2026-02-23 07:47).docx | \-1 | 2026-03-28 7:50:32 |
| basira-v2-presentation.pptx | 341378 | 2026-03-28 7:50:23 |
| basira-v2-presentation (1).pptx | \-1 | 2026-03-28 7:50:22 |
| Basira v2 Presentation.pptx | 4589047 | 2026-03-28 7:50:21 |
| IMG\_2837.HEIC | 2481441 | 2026-03-28 7:50:21 |
| IMG\_3082.MOV | 14903686 | 2026-03-28 7:50:20 |
| 6688686.png | 1338990 | 2026-03-28 7:50:19 |
| jjjjjjjjjjjjjjjjjjjjj.png | 1760008 | 2026-03-28 7:50:18 |
| جدول\_ايام\_الغياب\_والمرفقات\_الداعمة.xlsx | 12270 | 2026-03-28 7:50:16 |
| ايميل\_ونموذج\_278\_لوحدة\_الحضور.docx | 14257 | 2026-03-28 7:50:15 |
| بصيرة - مخرجات Gemini (الإصدار 3).docx | \-1 | 2026-03-28 7:50:13 |
| بصيرة v2 - الرؤية الرقمية للتمكين والتميز المؤسسي.docx | \-1 | 2026-03-28 7:50:12 |
| بصيرة - دليل التشغيل والصيانة لمراكز التأهيل.docx | \-1 | 2026-03-28 7:50:11 |
| بصيرة - الرعاية الذكية والتحول الرقمي في التأهيل.docx | \-1 | 2026-03-28 7:50:10 |
| بصيرة - دليل الحوكمة وإدارة الجودة.docx | \-1 | 2026-03-28 7:50:09 |
| بصيرة 2 - تعزيز الرعاية الذكية (نسخة تطويرية).docx | \-1 | 2026-03-28 7:50:09 |
| بصيرة - دليل الرعاية المتكاملة والتحول الرقمي.docx | \-1 | 2026-03-28 7:50:08 |
| بصيرة - التمكين وجودة الحياة في مراكز التأهيل.docx | \-1 | 2026-03-28 7:50:07 |
| بصيرة - التحول الرقمي في الرعاية الطبية والتأهيلية.docx | \-1 | 2026-03-28 7:50:07 |
| بصيرة - الدليل التقني لإدارة المستفيدين.docx | \-1 | 2026-03-28 7:50:06 |
| بصيرة - وثيقة الإحاطة الشاملة للمنظومة الرقمية.docx | \-1 | 2026-03-28 7:50:05 |
| بصيرة - تحليل النظام وابتكارات Gemini.docx | \-1 | 2026-03-28 7:50:04 |
| بصيرة - مسودة (يحتاج تسمية).docx | \-1 | 2026-03-28 7:50:04 |
| Drive\_Files\_Inventory\_2026.xlsx | \-1 | 2026-03-28 7:50:02 |
| تنظيم وإعادة تسمية مستندات جوجل درايف.docx | \-1 | 2026-03-28 7:50:00 |
| محضر الإعاشة المستلمة - مركز التأهيل الشامل بالباحة (قسم الإناث).xlsx | \-1 | 2026-03-28 7:49:54 |
| بيانات الجهاز ومعلومات الدعم الفني وكالة التحول الرقمي.docx | \-1 | 2026-03-28 7:49:23 |
| قائمة الروابط التقنية وأنظمة المستفيدين.docx | \-1 | 2026-03-28 7:49:22 |
| دليل آليات تقييم الأداء المؤسسي والحوكمة.docx | \-1 | 2026-03-28 7:49:22 |
| كود محرك تحسين المطالبات الذكي Prompt Engine.docx | \-1 | 2026-03-28 7:49:20 |
| نموذج التميز المهني وتقييم الأداء الذاتي.docx | \-1 | 2026-03-28 7:49:15 |
| دليل إرشادي لتنفيذ مهام مأمور العهدة وتأمين الكسوة.docx | \-1 | 2026-03-28 7:49:14 |
| تعديلات كود Dictation App وميزة تحسين المطالبة.docx | \-1 | 2026-03-28 7:49:10 |
| التقرير النهائي لاختبار وجاهزية نظام بصيرة.docx | \-1 | 2026-03-28 7:49:06 |
| جدول بيانات فارغ 1.xlsx | \-1 | 2026-03-28 7:49:05 |
| إجراءات نظام قياس رضا المستفيدين والتغذية الراجعة.docx | \-1 | 2026-03-28 7:49:04 |
| تفعيل بنود الأيزو 9001 التشغيلية بمركز التأهيل الشامل.docx | \-1 | 2026-03-28 7:49:03 |
| الوصف التنظيمي والمهام لأقسام الرعاية الطبية والتأهيلية.docx | \-1 | 2026-03-28 7:49:02 |
| آليات جمع البيانات وتحليل رضا المستفيدين ذوي الإعاقة.docx | \-1 | 2026-03-28 7:49:01 |
| سجل استلام الإعاشة لمقيمي قسم الإناث بالباحة.xlsx | \-1 | 2026-03-28 7:49:00 |
| basira-v3-security-addendum.docx | 22663 | 2026-03-28 7:48:47 |
| basira-v3-security-addendum.docx | 22663 | 2026-03-28 7:48:46 |
| basira-v3-technical-design.docx | 30721 | 2026-03-28 7:48:45 |
| backup22222 (1).pst | 2297521152 | 2026-03-28 7:48:45 |
| خطة هندسية وسيادية متكاملة.docx | \-1 | 2026-03-28 7:48:44 |
| خطة هندسية سيادية متكاملة للنظام.docx | \-1 | 2026-03-28 7:48:43 |
| التقرير المعماري والتشغيلي الشامل لنظام "بصيرة v3.docx | \-1 | 2026-03-28 7:48:33 |
| تسجيل جديد ٥.m4a | 72692614 | 2026-03-28 7:48:18 |
| إليك النص مفرغاً ومقسماً مع نقاط التوقف (الطوابع الزمنية):.docx | \-1 | 2026-03-28 7:48:17 |
| تحليل مفصل لمحادثة الذكاء الاصطناعي.docx | \-1 | 2026-03-28 7:48:16 |
| مناقشة حول تنظيم الحج.docx | \-1 | 2026-03-28 7:48:15 |
| تصدير من "Gemini" في ‎12 مارس 2026 في 4:42:34 م غرينتش+3.docx | \-1 | 2026-03-28 7:47:56 |
| \# مجموعة التسجيل 3 — تدريب الصوت (ساعة واحدة).docx | \-1 | 2026-03-28 7:47:49 |
| Basira App: Security & Compliance Master Plan.docx | \-1 | 2026-03-28 7:47:18 |
| تفكيك وهم الامتثال: حصن بصيرة v3.0.docx | \-1 | 2026-03-28 7:47:17 |
| تحدي بصيرة v3.0: الحكم الهندسي السيادي.docx | \-1 | 2026-03-28 7:47:16 |
| IMG\_3100.jpg | 146625 | 2026-03-28 7:47:15 |
| بلا عنوان.docx | \-1 | 2026-03-28 7:47:14 |
| بلا عنوان.docx | \-1 | 2026-03-28 7:47:13 |
| ثورة رقمية لكرامة الإنسان.docx | \-1 | 2026-03-28 7:47:05 |
| basira-guide.docx | 31333 | 2026-03-28 7:46:36 |
| تخصيص NotebookLM لتطبيق بصيرة.docx | \-1 | 2026-03-28 7:46:36 |
| الهندسة العكسية لبناء أدلة شاملة.docx | \-1 | 2026-03-28 7:46:35 |
| معمارية بصيرة: هندسة العائد الاجتماعي وكفاءة الإنفاق الاستراتيجي بصفتي كبير المهندسين المعماريين والمستشار الاستراتيجي لنظام "بصيرة v3.docx | \-1 | 2026-03-28 7:46:34 |
| عصف ذهني و تفاعل مع جيمناي ديب ثنك .docx | \-1 | 2026-03-28 7:46:33 |
| basira\_first\_prompt.md.docx | \-1 | 2026-03-28 7:46:32 |
| basira\_project\_setup.md.docx | \-1 | 2026-03-28 7:46:32 |
| New Recording 29.m4a | 4450768 | 2026-03-28 7:45:16 |
| مصفوفة عمليات نظام الجودة.xlsx | \-1 | 2026-03-28 7:45:10 |
| مصفوفة العمليات الرئيسية لنظام الجودة.xlsx | \-1 | 2026-03-28 7:45:09 |
| نتائج التقييم الذاتي للأداء.docx | \-1 | 2026-03-28 7:45:08 |
| وحدة التدقيق الرقمي الذاتي.docx | \-1 | 2026-03-28 7:45:07 |
| قائمة جرد أصناف ملابس.docx | \-1 | 2026-03-28 7:45:07 |
| قائمة جرد قمصان نسائية.docx | \-1 | 2026-03-28 7:45:06 |
| جدول أصناف ملابس نسائية.docx | \-1 | 2026-03-28 7:45:05 |
| جدول الأصناف والأسعار.docx | \-1 | 2026-03-28 7:45:05 |
| قائمة جرد أصناف نسائية.docx | \-1 | 2026-03-28 7:45:04 |
| قائمة جرد ملابس نسائية شتوية.docx | \-1 | 2026-03-28 7:45:03 |
| قائمة جرد البضاعة.docx | \-1 | 2026-03-28 7:45:02 |
| قائمة أسعار البضاعة.xlsx | \-1 | 2026-03-28 7:45:02 |
| محضر استلام سلفة كسوة متحركين.docx | \-1 | 2026-03-28 7:45:01 |
| محضر إعاشة إناث سبتمبر 2023.xlsx | \-1 | 2026-03-28 7:45:00 |
| خطة تنفيذ وموازنة برنامج بناء القدرات.docx | \-1 | 2026-03-28 7:44:59 |
| تحليل الأثر والباحة.docx | \-1 | 2026-03-28 7:44:59 |
| إيصال تحويل بنكي | 80858 | 2026-03-28 7:44:58 |
| التأهيل المجتمعي لذوي الاحتياجات.docx | \-1 | 2026-03-28 7:44:56 |
| مسودة تظلم أحمد الشهري.docx | \-1 | 2026-03-28 7:44:55 |
| دراسة جدوى أزهار السراة.docx | \-1 | 2026-03-28 7:44:55 |
| دليل إخلاء الطوارئ لذوي الإعاقة.docx | \-1 | 2026-03-28 7:44:54 |
| بيانات المستفيدات.xlsx | \-1 | 2026-03-28 7:44:53 |
| تحليل تشريحي تفصيلي للوجه.docx | \-1 | 2026-03-28 7:44:52 |
| إجراءات السلامة المهنية في المستشفى.docx | \-1 | 2026-03-28 7:44:52 |
| واجهات البيانات.docx | \-1 | 2026-03-28 7:44:51 |
| CSS تصميم الموقع العام.docx | \-1 | 2026-03-28 7:44:50 |
| نظام إدارة الإعاشة والمستفيدين.docx | \-1 | 2026-03-28 7:44:49 |
| مفتاح Key.docx | \-1 | 2026-03-28 7:44:49 |
| مقترح برنامج مكافحة العدوى.docx | \-1 | 2026-03-28 7:44:48 |
| عدم انطباق قرار مجلس الوزراء على المراكز.docx | \-1 | 2026-03-28 7:44:47 |
| أنواع البيانات والمخططات.docx | \-1 | 2026-03-28 7:44:46 |
| نظام إدارة الإعاشة.docx | \-1 | 2026-03-28 7:44:46 |
| تصميم واجهة المستخدم CSS.docx | \-1 | 2026-03-28 7:44:45 |
| أمثلة متنوعة في اللغة العربية.docx | \-1 | 2026-03-28 7:44:44 |
| ورقة موقف- الرد على التحقيق الإداري R-263555.docx | \-1 | 2026-03-28 7:44:43 |
| دليل إخلاء الطوارئ للأشخاص ذوي الإعاقة.docx | \-1 | 2026-03-28 7:44:43 |
| Rename Log.xlsx | \-1 | 2026-03-28 7:44:13 |
| The Anatomy of a Generative Agent\_ Building a Healthcare Assistant with Vertex AI Playbooks - Conversational Agents (Dialogflow CX) - Google Developer forums.pdf | 473585 | 2026-03-28 7:39:20 |
| chat with cluade about the develper fourm strange topics about buliding a usful agent as a developer topics.png | 882921 | 2026-03-28 7:39:19 |
| بناء ناطحة سحاب الذكاء الاصطناعي والابتكار.docx | \-1 | 2026-03-28 7:39:15 |
| ثورة إنسانية وتقنية ضد البيروقراطية.docx | \-1 | 2026-03-28 7:39:11 |
| AI Ensemble: Engineering Digital Mercy.docx | \-1 | 2026-03-28 7:39:07 |
| عصف ذهني لتطوير تطبيق بصيرة مع مجموعة من نماذج الذكاء الصناعي .docx | \-1 | 2026-03-28 7:39:04 |
| IMG\_2950.HEIC | 1363861 | 2026-03-28 7:39:03 |
| 1234 صوتي / | \-1 | 2026-03-28 7:19:12 |
| تطبيق صفر ورق/ | \-1 | 2026-03-28 7:18:46 |
| مجلد بلا عنوان/ | \-1 | 2026-03-28 7:18:26 |
| نزاهة/ | \-1 | 2026-03-28 7:18:10 |
| جوجل ستيتش stitch/ | \-1 | 2026-03-28 7:17:53 |
| تظلم ساعات عمل إضافية/ | \-1 | 2026-03-28 7:17:40 |
| سياسة التقييد والتعامل مع حالات الهياج النفسي/ | \-1 | 2026-03-28 7:17:25 |
| نظام إدارة المستفيدين الذكي مشروع التحول الرقمي - مبادرة صفر ورق/ | \-1 | 2026-03-28 7:17:20 |
| تقييم الاداء الوظيفي 2025/ | \-1 | 2026-03-28 7:17:07 |
| إنجازات و تحديات المركز/ | \-1 | 2026-03-28 7:16:56 |
| انجازاتي و التحديات ارشيفي الوظيفي/ | \-1 | 2026-03-28 7:16:42 |
| السلامة والصحة المهنية/ | \-1 | 2026-03-28 7:16:22 |
| مشروع ما تم في المركز من قبل الجودة من عام 2024 الي مشاكل الادارة و طلب الاعافاء / | \-1 | 2026-03-28 7:15:54 |
| ابحاثي مبادرات مشاريع / | \-1 | 2026-03-28 7:14:30 |
| كتب تأهيل و جودة/ | \-1 | 2026-03-28 7:14:00 |
| فواتير كسوة الشتاء/ | \-1 | 2026-03-28 7:13:30 |
| stitch\_home\_page/ | \-1 | 2026-03-28 7:13:13 |
| ‏الملفات المحفوظة من Chrome/ | \-1 | 2026-03-28 7:12:54 |
| نماذج اجراءات العمل في مراكز التأهيل الشامل (1) (Unzipped Files)/ | \-1 | 2026-03-28 7:12:34 |
| Saved from Chrome/ | \-1 | 2026-03-28 7:11:45 |
| التمكين المستقبلي / | \-1 | 2026-03-28 7:11:25 |
| سياسات المخاطر الوزارة التميز الابتكار / | \-1 | 2026-03-28 7:10:26 |
| مجلد بلا عنوان/ | \-1 | 2026-03-28 7:10:10 |
| قضية المحكمة الادارية / | \-1 | 2026-03-28 7:09:52 |
| سيارة بي واي دي byd/ | \-1 | 2026-03-28 7:09:39 |
| HRSD ألوان الهوية البصرية.docx | \-1 | 2026-03-27 10:09:47 |
| 06\_الموارد والمراجع والأرشيفات/ | \-1 | 2026-03-27 7:15:13 |
| ملفات PowerPoint/ | \-1 | 2026-03-27 7:12:35 |
| مقاطع صوتية 6/ | \-1 | 2026-03-27 7:09:23 |
| مقاطع صوتية 3/ | \-1 | 2026-03-26 21:03:52 |
| pst. export النسخة الاحتياطية من بريد العمل / | \-1 | 2026-03-23 0:33:05 |
| فهرس محتويات الدرايف/ | \-1 | 2026-03-22 20:34:06 |
| صور لاقسام بصيرة .docx | \-1 | 2026-03-22 12:48:08 |
| ملف الذاكرة والمستندات لنماذج الذكاء الصناعي / | \-1 | 2026-03-14 19:57:18 |
| مجموعة التسجيل 4/ | \-1 | 2026-03-13 9:25:10 |
| الأمن السبراني/ | \-1 | 2026-03-13 6:35:11 |
| basira\_v3\_compliance\_report.docx | 15689 | 2026-03-13 6:30:46 |
| basira\_v3\_gap\_analysis.xlsx | 21293 | 2026-03-13 6:30:46 |
| مجموعة التسجيل 3/ | \-1 | 2026-03-13 0:03:59 |
| الحسم نهائي / | \-1 | 2026-03-12 16:38:45 |
| Basira-v2 بصيرة 2/ | \-1 | 2026-03-08 14:12:31 |
| انتهاء البحث وتقديم المساعدة.xlsx | \-1 | 2026-03-06 6:16:31 |
| بصيرة - التطوير لتمكين ذوي الإعاقة.docx | \-1 | 2026-03-06 4:09:47 |
| مجلد بلا عنوان/ | \-1 | 2026-03-01 1:37:56 |
| معالجة الغياب / | \-1 | 2026-02-21 23:15:52 |
| 2025 مؤشرات الأداء البداية/ | \-1 | 2026-02-21 9:05:05 |
| ابحاثي مبادرات مشاريع/ | \-1 | 2026-02-21 9:02:49 |
| مكافحة العدوى/ | \-1 | 2026-02-21 9:02:04 |
| ملفات الصور/ | \-1 | 2026-02-21 8:57:13 |
| تقارير مركز التأهيل الشامل/ | \-1 | 2026-02-21 8:39:47 |
| ملفات الذكاء الاصطناعي/ | \-1 | 2026-02-21 8:39:46 |
| المراسلات والتعاميم/ | \-1 | 2026-02-21 8:39:45 |
| النماذج والاستمارات/ | \-1 | 2026-02-21 8:39:45 |
| التقارير الطبية والصحية/ | \-1 | 2026-02-21 8:39:44 |
| الاجتماعات والمحاضر/ | \-1 | 2026-02-21 8:39:43 |
| الجودة ISO والاعتماد/ | \-1 | 2026-02-21 8:39:43 |
| الموارد البشرية/ | \-1 | 2026-02-21 8:39:42 |
| ملفات PDF/ | \-1 | 2026-02-21 8:39:41 |
| لقطات الشاشة/ | \-1 | 2026-02-21 8:39:40 |
| مؤشرات الأداء 2026/ | \-1 | 2026-02-21 6:52:12 |
| مجلد بلا عنوان/ | \-1 | 2026-02-15 10:35:38 |
| الحسم/ | \-1 | 2026-02-15 10:23:45 |
| خطة تحسين تطبيق بصيرة الشاملة.docx | \-1 | 2026-01-31 22:56:45 |
| صور تطبيق بصيرة.docx | \-1 | 2026-01-31 22:56:15 |
| basera code / | \-1 | 2026-01-31 22:36:09 |
| تحسين نظام بصيرة للرعاية الصحية.docx | \-1 | 2026-01-24 16:34:55 |
| صور و شرح بصيرة .docx | \-1 | 2026-01-24 9:04:07 |
| تقرير للعرض بالصور عن تطبيق بصيرة يشرح واجهات التطبيق .docx | \-1 | 2026-01-24 9:01:48 |
| Al-Baha’s\_2026\_Shift\_From\_Charity\_to\_Rights.m4a | 58751928 | 2026-01-23 5:54:00 |
| الدليل\_الذهبي\_للتميز\_المؤسسي.docx | 18828 | 2026-01-18 18:53:51 |
| QUICK\_START\_AR.md.docx | \-1 | 2026-01-18 4:30:17 |
| FINAL\_ANTIGRAVITY\_PROMPT.md.docx | \-1 | 2026-01-18 4:30:17 |
| USAGE\_GUIDE\_AR.md.docx | \-1 | 2026-01-18 4:30:17 |
| بناءً على التقرير الرائع الذي أرفقته (Basira System Improvement Report).docx | \-1 | 2026-01-18 0:24:24 |
| BASIRA\_FULL\_EVALUATION\_REPORT.md.docx | \-1 | 2026-01-18 0:22:52 |
| BASIRA\_ANTIGRAVITY\_INSTRUCTIONS.md.docx | \-1 | 2026-01-17 20:31:32 |
| تطوير 2/ | \-1 | 2026-01-13 1:08:34 |
| تطوير 1/ | \-1 | 2026-01-13 1:02:52 |
| 04\_تمكين المرأة والنساء - حقوقهن والتزامات الدولة/ | \-1 | 2026-01-05 3:56:25 |
| 03\_ما بعد الجائحة 2022-2025 - مرحلة الوضوح والمساءلة/ | \-1 | 2026-01-05 3:55:38 |
| 02\_الجائحة والصعوبات الحقيقية 2020-2021/ | \-1 | 2026-01-05 3:54:51 |
| 01\_ما قبل 2020 - الدمج المجتمعي والتأسيس/ | \-1 | 2026-01-05 3:53:49 |
| جداول اكسيل ، تقييم / | \-1 | 2026-01-03 21:45:17 |
| 999 موضوع شامل عن عمليات المركز و حوكمتها و الجودة و الرقمنة و تطبيق صفر ورق.docx | \-1 | 2026-01-03 6:54:25 |
| امر تلقين بعد السجل الشامل.docx | \-1 | 2025-12-28 21:27:47 |
| سجل المخاطر بالمركز/ | \-1 | 2025-12-28 20:37:04 |
| شكوى كيدية سميرة/ | \-1 | 2025-12-28 13:24:35 |
| بصيرة الإعاشة/ | \-1 | 2025-12-28 4:57:59 |
| المخاطر و الفرع و الملاحظات / | \-1 | 2025-12-24 7:26:08 |
| تحليل فجوات خدمات ذوي الإعاقة.docx | \-1 | 2025-12-24 2:41:44 |
| basira-files-index.docx | 12481 | 2025-12-24 0:49:25 |
| نحو تمكين ذوي الإعاقة: رؤية 2030.docx | \-1 | 2025-12-24 0:48:39 |
| أنا و جيمناي ، عصف ذهني و تغيير بسيط .docx | \-1 | 2025-12-23 14:29:57 |
| بصيرة / | \-1 | 2025-12-23 13:00:32 |
| إليك تقرير "هندسة الفجوات" والحلول المقترحة لتحويل النظام إلى شريك ذكي:.docx | \-1 | 2025-12-23 11:40:07 |
| نماذج العمل / | \-1 | 2025-11-29 10:27:25 |
| النماذج للمركز كاملة/ | \-1 | 2025-09-19 18:28:03 |
| Google AI Studio/ | \-1 | 2025-06-06 15:40:41 |
| Google AI Studio/ | \-1 | 2025-06-06 13:21:53 |
| متفرقات/ | \-1 | 2025-06-06 13:21:53 |
| 1234 فديو/ | \-1 | 2025-06-06 8:37:29 |
| تفريغ النصوص لسياسات و الاجراءات و الأدلة الارشادية بالمركز / | \-1 | 2025-06-06 7:07:42 |
| دوري رياضي 1434 الشؤون الاجتماعية / | \-1 | 2025-06-06 7:07:42 |
| منصة استطلاع/ | \-1 | 2025-06-06 7:07:42 |
| مقاطع7/ | \-1 | 2025-06-06 7:07:42 |
| مقاطع٦/ | \-1 | 2025-06-06 7:07:42 |
| مقاطع5/ | \-1 | 2025-06-06 7:07:42 |
| مقاطع صوتية٢/ | \-1 | 2025-06-06 7:07:42 |
| web pages/ | \-1 | 2025-06-06 7:07:42 |
| دورة رياضية قديمة/ | \-1 | 2025-06-06 7:07:42 |
| نماذج تقييم المركز / | \-1 | 2025-06-06 7:07:42 |
| Google AI Studio/ | \-1 | 2025-06-06 7:07:42 |
| الابتكار و المشاريع و المبادرات/ | \-1 | 2025-06-06 7:07:42 |
| هوية الوزارة جديد/ | \-1 | 2025-06-06 7:07:42 |
| أمان مستدام ، مبادرة ، نهائي/ | \-1 | 2025-06-06 7:07:42 |
| prompts أوامر تلقين/ | \-1 | 2025-06-06 7:07:42 |
| طلبات المركز الاكواد و الاصناف/ | \-1 | 2025-06-06 7:07:42 |
| video/ | \-1 | 2025-06-06 7:07:42 |
| وثيقة حقوق المستفيدين/ | \-1 | 2025-06-06 7:07:42 |
| teams/ | \-1 | 2025-06-06 7:07:42 |
| مقاطع صوتية/ | \-1 | 2025-06-06 7:07:42 |
| علاج طبيعي - هوية الوزارة/ | \-1 | 2025-06-06 7:07:42 |
| هوية الوزارة لائحة الخدمة قرار الصلاحيات/ | \-1 | 2025-06-06 7:07:42 |
| المرافق خطة الطوارئ المجلد 6/ | \-1 | 2025-06-06 7:07:42 |
| رضا المستفيد/ | \-1 | 2025-06-06 7:07:42 |
| الوطن و الثقافة/ | \-1 | 2025-06-06 7:07:42 |
| سطح مكتب جهاز القسم/ | \-1 | 2025-06-06 7:07:42 |
| كتب في الأزد/ | \-1 | 2025-06-06 7:07:42 |
| مشروع الدمج المجتمعي كامل / | \-1 | 2025-06-06 7:07:42 |
| File vault خزنه ابل رقم / | \-1 | 2025-06-06 7:07:42 |
| backup/ | \-1 | 2025-06-06 7:07:42 |
| خرائط/ | \-1 | 2025-06-06 7:07:42 |
| مكافحة العدوى/ | \-1 | 2025-06-06 7:07:42 |
| نموذج صوتي/ | \-1 | 2025-06-06 7:07:42 |
| التحول في الوزارة/ | \-1 | 2025-06-06 7:07:42 |
| 665566/ | \-1 | 2025-06-06 7:07:42 |
| Colab Notebooks/ | \-1 | 2025-06-06 7:07:42 |
| 2025 مؤشرات الأداء البداية / | \-1 | 2025-06-06 7:07:42 |
| courts / | \-1 | 2025-06-06 7:07:42 |
| خطة إسعافية/ | \-1 | 2025-06-06 7:07:42 |
| نماذج المرافق/ | \-1 | 2025-06-06 7:07:42 |
| appsheet/ | \-1 | 2025-06-06 7:07:42 |
| دورات لهيئة التخصصات / | \-1 | 2025-06-06 7:07:42 |
| سطح مكتب/ | \-1 | 2025-06-06 7:07:42 |
| المؤشرات الطبية / | \-1 | 2025-06-06 7:07:42 |
| مكتبتي / | \-1 | 2025-06-06 7:07:42 |
| علي القرني/ | \-1 | 2025-06-06 7:07:42 |
| تعاميم و بدايت التحول بالمركز / | \-1 | 2025-06-06 7:07:42 |
| مقاطع صوتية٤/ | \-1 | 2025-06-06 7:07:42 |
| مشروع تطوير التدريب / | \-1 | 2025-06-06 7:07:42 |
| الاسلاميين/ | \-1 | 2025-06-06 7:07:42 |
| المحكمة الإدارية المبادئ العامة مع الفهرس/ | \-1 | 2025-06-06 7:07:42 |
| untitled folder/ | \-1 | 2025-06-06 7:07:42 |
| File vault رقم خزنه ملفات ابل / | \-1 | 2024-11-24 17:51:22 |
| ٧- خطة إدارة المخلفات في المرافق المكتبية.docx | 290300 | 2024-01-03 8:39:58 |
| ١٣-قائمة التدقيق لجدول الصيانة المخطط لها للانظمة الامنية ـ مرافق الرعاية الصحية.docx | 89212 | 2024-01-03 8:39:58 |
| ٢- خطة صيانة أنظمة القياس والتحكم في المرافق المكتبية.docx | 175027 | 2024-01-03 8:39:58 |
| ١٢- قائمة التدقيق لجدول الصيانة المخطط لها للانظمة الامنية ـ المرافق المكتبية.docx | 89225 | 2024-01-03 8:39:58 |
| جوجل ستيتش stitch/stitch\_home\_page/ | \-1 | 2026-03-27 7:13:04 |
| سياسة التقييد والتعامل مع حالات الهياج النفسي/تحليل سياسات التعامل مع حالات الهياج النفسي.pdf | 379287 | 2025-08-20 13:44:36 |
| سياسة التقييد والتعامل مع حالات الهياج النفسي/محضر ورشة عمل متابعة سياسة التقييد 05 اغسطس 2025 م (1).pdf | 139014 | 2025-08-20 13:07:39 |
| سياسة التقييد والتعامل مع حالات الهياج النفسي/سياسة التقييد لحالات الهياج النفسي - اغسطس 2023 م V.2.pdf | 1116162 | 2025-08-20 13:07:39 |
| سياسة التقييد والتعامل مع حالات الهياج النفسي/\_\_نموذج المتابعة لحالات التقييد تحديث 20 يناير 2025 (3) (1).pdf | 115437 | 2025-08-20 13:07:39 |
| سياسة التقييد والتعامل مع حالات الهياج النفسي/تعميم رقم 5726 التقييد.pdf | 262455 | 2025-08-20 13:07:39 |
| نزاهة/تحليل قضية ساعات العمل الإضافي.نهائي.docx | \-1 | 2025-08-17 17:52:35 |
| نزاهة/تحليل قضية ساعات العمل الإضافي..pdf | 665649 | 2025-08-17 17:17:17 |
| نزاهة/تحليل قضية ساعات العمل الإضافي..docx | \-1 | 2025-08-17 17:16:06 |
| نزاهة/تحليل قضية ساعات العمل الإضافي..docx | \-1 | 2025-08-17 17:08:43 |
| نزاهة/انت خبير في كل مجالات مذكورة في ملف التظلم الادار... (1).docx | \-1 | 2025-08-16 21:01:27 |
| نزاهة/محضر إثبات وقائع وتحقيق إداري شامل.docx | \-1 | 2025-08-16 21:00:49 |
| نزاهة/تظلم إداري\_ ساعات عمل إضافية.\_.docx | \-1 | 2025-08-16 21:00:39 |
| نزاهة/تفاصيل البلاغ.pdf | 173128 | 2025-08-16 20:45:28 |
| نزاهة/mhdhr-ithbat-wqaea1.pdf | 321908 | 2025-08-15 18:39:42 |
| نزاهة/اعتراض نظامي على إجراءات معالجة التظلم الإداري.pdf | 1690910 | 2025-08-12 15:55:07 |
| نزاهة/تصعيد تظلم إداري لمدير عام فرع الوزارة.pdf | 783404 | 2025-08-12 15:54:11 |
| نزاهة/تجاوز جديد.pdf | 854805 | 2025-08-12 5:32:25 |
| نزاهة/111.pdf | 1227456 | 2025-08-11 23:38:14 |
| نزاهة/جدول المنسق الصحي و تجاوز صلاحياته.pdf | 2095950 | 2025-08-11 23:37:32 |
| نزاهة/unnamed (7).jpg | 242513 | 2025-08-11 23:37:03 |
| نزاهة/unnamed (6).jpg | 64391 | 2025-08-11 23:36:48 |
| نزاهة/unnamed (5).jpg | 73383 | 2025-08-11 23:36:36 |
| نزاهة/unnamed (4).jpg | 197096 | 2025-08-11 23:36:23 |
| نزاهة/unnamed (3).jpg | 168897 | 2025-08-11 23:35:59 |
| نزاهة/unnamed (2).jpg | 168897 | 2025-08-11 23:35:50 |
| نزاهة/unnamed (1).jpg | 182238 | 2025-08-11 23:35:34 |
| نزاهة/unnamed (8).jpg | 72111 | 2025-08-11 23:35:03 |
| نزاهة/مذكر تظلم ودحض قانوني.pdf | 1227456 | 2025-08-11 23:31:18 |
| نزاهة/الإحالة.pdf | 1142113 | 2025-08-11 23:21:07 |
| تظلم ساعات عمل إضافية/مذكرة تظلم ودحض قانوني بخصوص فرض ساعات عمل إضافية بناءً على تعميم باطل وملغي.docx | \-1 | 2026-02-21 9:12:51 |
| تظلم ساعات عمل إضافية/تظلم إداري: ساعات عمل إضافية.␊.docx | \-1 | 2026-02-21 9:10:46 |
| تظلم ساعات عمل إضافية/انت خبير في كل مجالات مذكورة في ملف التظلم الادار....docx | \-1 | 2026-02-21 9:10:43 |
| تظلم ساعات عمل إضافية/تظلم محادثة جيمناي.docx | \-1 | 2026-02-21 9:09:32 |
| تظلم ساعات عمل إضافية/gemini deep think صياغة التظلم والشكوى النهائية .docx | \-1 | 2026-02-21 9:09:24 |
| تظلم ساعات عمل إضافية/مذكرة تظلم نهائية للموظف أحمد الشهري.docx | \-1 | 2026-02-21 9:09:10 |
| تظلم ساعات عمل إضافية/إيضاح\_بشأن\_سجل\_الحضور\_والانصراف\_٢٠٢٥.docx | 14138 | 2026-02-21 8:57:20 |
| تظلم ساعات عمل إضافية/مذكرة تظلم إدارية وقانونية شاملة.xlsx | \-1 | 2026-02-21 8:56:17 |
| تظلم ساعات عمل إضافية/خطاب\_إيضاح\_الحسم.docx | 25991 | 2026-02-21 8:56:14 |
| تظلم ساعات عمل إضافية/إيضاح\_بشأن\_سجل\_الحضور\_والانصراف\_٢٠٢٥\_محدث.docx | 20549 | 2026-02-21 8:56:06 |
| تظلم ساعات عمل إضافية/إيضاح\_بشأن\_سجل\_الحضور\_والانصراف\_٢٠٢٥.docx | 14138 | 2026-02-21 8:56:03 |
| تظلم ساعات عمل إضافية/إيضاح\_بشأن\_سجل\_الحضور\_والانصراف\_٢٠٢٥\_محدث.docx | 41716 | 2026-02-18 14:57:41 |
| تظلم ساعات عمل إضافية/مذكرة الشكوى والتظلم نهائي.docx | \-1 | 2025-09-24 19:31:16 |
| تظلم ساعات عمل إضافية/تحليل نزاع إداري وصياغة مذكرة قانونية deep research .docx | \-1 | 2025-09-24 19:24:48 |
| تظلم ساعات عمل إضافية/مذكرة شكوى وتظلم deep think.docx | \-1 | 2025-09-24 19:13:17 |
| تظلم ساعات عمل إضافية/التظلم.docx | \-1 | 2025-09-24 18:53:16 |
| تظلم ساعات عمل إضافية/مرفقات المذكرة.pdf | 692029 | 2025-09-24 18:10:42 |
| تظلم ساعات عمل إضافية/اعتراض نظامي على إجراءات معالجة التظلم الإداري.pdf | 1690910 | 2025-09-24 18:02:48 |
| تظلم ساعات عمل إضافية/تحليل قضية ساعات العمل الإضافي\_.pdf | 665649 | 2025-09-24 18:02:48 |
| تظلم ساعات عمل إضافية/تصعيد تظلم إداري لمدير عام فرع الوزارة.pdf | 783404 | 2025-09-24 18:02:48 |
| تظلم ساعات عمل إضافية/mhdhr-ithbat-wqaea1.pdf | 321908 | 2025-09-24 18:02:48 |
| تظلم ساعات عمل إضافية/الإحالة.pdf | 1142113 | 2025-09-24 18:02:48 |
| تظلم ساعات عمل إضافية/إعادة التظلم.pdf | 7950045 | 2025-09-24 17:53:41 |
| تظلم ساعات عمل إضافية/السياسات والتعليمات والاجراءت المتبعة بخدمة التظلمات.pdf | 443357 | 2025-09-24 17:52:02 |
| تظلم ساعات عمل إضافية/رد علي طلب الإستشارة من مدير إدارة التحقيقات.pdf | 2337658 | 2025-09-24 17:51:41 |
| تظلم ساعات عمل إضافية/طلب استشارة قانونية عاجلة بشأن مخالفات نظامية جسيمة، وشبهات فساد إداري وتزوير معنوي، وقصور إجرائي في معالجة التظلمات بفرع الوزارة بمنطقة الباحة..pdf | 1546239 | 2025-09-24 17:49:43 |
| تظلم ساعات عمل إضافية/تصعيد تظلم إداري عاجل لمدير عام الفرع بالباحة ،مخالفات نظامية جسيمة في فرض ساعات عمل إضافية وقصور في إجراءات التعامل مع التظلم.pdf | 829450 | 2025-09-24 17:48:33 |
| تظلم ساعات عمل إضافية/اعتراض نظامي على إجراءات معالجة التظلم الإداري وطلب التصعيد للسلطة المختصة.pdf | 1781901 | 2025-09-24 17:46:57 |
| تظلم ساعات عمل إضافية/طلب إفادة عاجلة ومتابعة بشأن التظلم الإداري المقدم بخصوص مخالفة ساعات العمل النظامية.pdf | 459629 | 2025-09-24 17:45:55 |
| تظلم ساعات عمل إضافية/جدول الكادر الصحي 19.pdf | 365898 | 2025-09-24 17:45:14 |
| تظلم ساعات عمل إضافية/مذكرة تظلم ودحض قانوني البداية.pdf | 1309356 | 2025-09-24 17:43:14 |
| 1234 صوتي /round2/ | \-1 | 2026-03-08 15:48:31 |
| 1234 صوتي /voice recording / | \-1 | 2026-03-07 22:29:32 |
| 1234 صوتي /شهادة حضور دورة أساسيات مكافحة العدوى في مراكز التأهيل الشامل - أحمد الشهري | 70925 | 2026-03-06 8:50:24 |
| 1234 صوتي /تعميم طي قيد المقيمين المخالفين لشروط الالتحاق في مراكز التأهيل الشامل | 62860 | 2026-03-06 8:06:14 |
| 1234 صوتي /HRSD- Colors.png | 331160 | 2026-01-22 16:09:31 |
| 1234 صوتي /Screenshot 2025-06-04 092006.png | 316815 | 2025-06-04 9:27:54 |
| 1234 صوتي /Social Distance Standards in Comprehensive Rehabilitation Centers\_256k.mp3 | 3047187 | 2025-06-04 4:13:13 |
| 1234 صوتي /Aseptic Technique in Comprehensive Rehabilitation Centers\_256k.mp3 | 22591862 | 2025-06-04 4:13:05 |
| 1234 صوتي /Personal Protective Equipment Standard in Comprehensive Rehabilitation Cente\_256k.mp3 | 2869619 | 2025-06-04 4:12:23 |
| 1234 صوتي /Single Use Items (SUIs) in Comprehensive Rehabilitation Centers\_256k.mp3 | 3622152 | 2025-06-04 4:12:19 |
| 1234 صوتي /Hand Hygiene in Comprehensive Rehabilitation Centers\_256k.mp3 | 9789119 | 2025-06-04 4:12:14 |
| 1234 صوتي /Housekeeping & Hospital Environment in Comprehensive Rehabilitation Centers\_256k.mp3 | 44049979 | 2025-06-04 4:12:04 |
| 1234 صوتي /Infection Control Mortuary Department Guidelines\_256k.mp3 | 13213862 | 2025-06-04 4:11:19 |
| 1234 صوتي /Infection Control Guidelines for Food and Nutrition Services in Healthcare S\_256k.mp3 | 43664079 | 2025-06-04 4:11:06 |
| 1234 صوتي /PPE Donning and Doffing\_256k.mp3 | 3832537 | 2025-06-04 4:10:20 |
| 1234 صوتي /Infection Control Guideline in Operating Room OR Workshop 2022\_256k.mp3 | 15921673 | 2025-06-04 4:10:15 |
| 1234 صوتي /The 5 moments of Hand Hygiene\_256k.mp3 | 3532297 | 2025-06-04 4:09:57 |
| 1234 صوتي /Personal Protective Equipment's Video\_256k.mp3 | 3831487 | 2025-06-04 4:09:52 |
| 1234 صوتي /How to Wash your Hands\_256k.mp3 | 3299440 | 2025-06-04 4:09:47 |
| 1234 صوتي /Hand Hygiene Video\_256k.mp3 | 1823484 | 2025-06-04 4:09:42 |
| 1234 صوتي /معيار آداب السعال بمراكز التأهيل الشامل\_256k.mp3 | 1393717 | 2025-06-04 4:09:39 |
| 1234 صوتي /Role of Environment in MDROs Transmission\_256k.mp3 | 32387549 | 2025-06-04 4:09:36 |
| 1234 صوتي /PHOTO-2025-06-03-09-48-22.jpg | 164674 | 2025-06-03 13:01:15 |
| 1234 صوتي /PHOTO-2025-06-03-09-48-23.jpg | 202664 | 2025-06-03 13:01:15 |
| 1234 صوتي /PHOTO-2025-06-03-09-48-22.jpg | 195682 | 2025-06-03 13:01:15 |
| 1234 صوتي /PHOTO-2025-06-03-09-48-23.jpg | 191326 | 2025-06-03 13:01:14 |
| 1234 صوتي /PHOTO-2025-06-03-09-48-22.jpg | 191514 | 2025-06-03 13:01:14 |
| 1234 صوتي /Basic Infection Control Skills License BICSL\_256k.mp3 | 13562414 | 2025-05-25 6:25:37 |
| 1234 صوتي /HESN System BICSL Training Course\_256k.mp3 | 58507201 | 2025-05-25 6:25:36 |
| 1234 صوتي /Food Services Standards in Comprehensive Rehabilitation Centers\_256k.mp3 | 23424306 | 2025-05-25 6:24:17 |
| 1234 صوتي /Medical Laundry Standards in Comprehensive Rehabilitation Centers\_256k.mp3 | 15342373 | 2025-05-25 6:24:16 |
| 1234 صوتي /Medical Waste Standards in Comprehensive Rehabilitation Centers\_256k.mp3 | 23213677 | 2025-05-25 6:24:16 |
| 1234 صوتي /Ambulance transportation standards in comprehensive rehabilitation centers\_256k.mp3 | 2572689 | 2025-05-25 6:24:16 |
| 1234 صوتي /Training and Education Standards in Comprehensive Rehabilitation Centers\_256k.mp3 | 3126990 | 2025-05-25 6:24:16 |
| 1234 صوتي /Medical Store Standards in Comprehensive Rehabilitation Centers\_256k.mp3 | 5935516 | 2025-05-25 6:24:16 |
| 1234 صوتي /Infection Control Program in Comprehensive Rehabilitation Centers\_256k.mp3 | 5848515 | 2025-05-25 6:24:16 |
| 1234 صوتي /Dental Services Standard in Comprehensive Rehabilitation Centers\_256k.mp3 | 9194368 | 2025-05-25 6:24:15 |
| 1234 صوتي /Respiratory Protection Program in Comprehensive Rehabilitation Centers\_256k.mp3 | 14271849 | 2025-05-25 6:24:15 |
| 1234 صوتي /The 5 moments of Hand Hygiene\_256k.mp3 | 0 | 2025-05-25 6:24:12 |
| 1234 صوتي /محاضرة معايير مكافحة العدوى لاقسام المغاسل الطبيه في المنشآت الصحية\_256k.mp3 | 23919527 | 2025-05-25 6:24:11 |
| 1234 صوتي /Recorded Audio May 10, 2025 - 4:45AM.ogg | 20186342 | 2025-05-24 5:43:43 |
| 1234 صوتي /Recorded Audio May 10, 2025 - 5:09AM.ogg | 6133515 | 2025-05-24 5:43:43 |
| 1234 صوتي /Recorded Audio May 18, 2025 - 11:45AM.ogg | 1096554 | 2025-05-18 11:45:21 |
| 1234 صوتي /ElevenLabs\_ابتكار\_يغير\_حياة\_ذوي\_الإعاقة\_الفكرية.wav | 16839980 | 2025-05-13 13:54:01 |
| 1234 صوتي /ElevenLabs\_ابتكار\_يغير\_حياة\_ذوي\_الإعاقة\_الفكرية.mp3 | 3064488 | 2025-05-13 13:52:01 |
| 1234 صوتي /ElevenLabs\_إدارة\_الطوارئ\_كيف\_نضمن\_سلامة\_ذوي\_الإعاقة؟.mp3 | 5383787 | 2025-05-08 7:45:25 |
| 1234 صوتي /ElevenLabs\_إدارة\_الطوارئ\_كيف\_نضمن\_سلامة\_ذوي\_الإعاقة؟.wav | 29601836 | 2025-05-08 7:45:15 |
| 1234 صوتي /audio (2).mp3 | 344234 | 2025-05-08 7:41:54 |
| 1234 صوتي /IMG-20181204-WA0000.jpg | 42708 | 2025-05-03 18:12:47 |
| 1234 صوتي /webp (1).webp | 107476 | 2025-05-03 14:27:42 |
| 1234 صوتي /webp.webp | 87412 | 2025-05-03 14:27:26 |
| 1234 صوتي /5555555555555555555555555555555555555555555555555555555555.png | 15276 | 2025-05-03 11:37:58 |
| 1234 صوتي /Arabic Logo Dark packground.jpg | 100679 | 2025-05-03 7:51:19 |
| 1234 صوتي /Arabic Logo Dark packground.png | 36488 | 2025-05-03 7:51:19 |
| 1234 صوتي /unnamed(2).jpg | 6419 | 2025-04-30 8:48:10 |
| 1234 صوتي /unnamed(1).jpg | 4325 | 2025-04-30 8:48:09 |
| 1234 صوتي /jpeg | 308 | 2025-04-30 8:48:08 |
| 1234 صوتي /unnamed.jpg | 1511 | 2025-04-30 8:48:08 |
| 1234 صوتي /IMG-20150615-WA0001.jpeg | 188102 | 2025-04-27 3:53:26 |
| 1234 صوتي /ElevenLabs\_منصة\_ذكية\_ثورة\_في\_الخدمات\_الحكومية\_السعودية.mp3 | 3275386 | 2025-04-23 7:55:18 |
| 1234 صوتي /ElevenLabs\_منصة\_ذكية\_ثورة\_في\_الخدمات\_الحكومية\_السعودية.wav | 17909036 | 2025-04-23 7:53:16 |
| 1234 صوتي /screenshot-1745355526331.png | 784008 | 2025-04-22 23:58:50 |
| 1234 صوتي /screenshot-1745355217202.png | 638545 | 2025-04-22 23:53:44 |
| 1234 صوتي /الابتكارثون.png | 515976 | 2025-04-22 22:54:48 |
| 1234 صوتي /image002.png | 361290 | 2025-04-22 18:03:56 |
| 1234 صوتي /ElevenLabs\_ثورة\_التحول\_الرقمي\_في\_الرعاية\_الاجتماعية\_بالمملكة.mp3 | 3410863 | 2025-04-22 11:42:25 |
| 1234 صوتي /نموذج الورق الرسمي الجديد المعتمد (1).jpg | 116153 | 2025-03-20 8:52:58 |
| 1234 صوتي /unnamed.jpg | 4120 | 2025-03-19 23:33:51 |
| 1234 صوتي /Recorded Audio March 19, 2025 - 11:33PM.ogg | 8023784 | 2025-03-19 23:33:15 |
| 1234 صوتي /image.png | 69697 | 2025-03-15 20:23:56 |
| 1234 صوتي /orb-1.png | 5421 | 2025-03-10 17:40:55 |
| 1234 صوتي /unnamed.jpg | 7219 | 2025-03-10 17:40:55 |
| 1234 صوتي /image.png | 129330 | 2025-01-23 9:45:55 |
| 1234 صوتي /Image January 16, 2025 - 1:01AM.jpeg | 302066 | 2025-01-16 1:01:25 |
| 1234 صوتي /03EC9E35-DBCE-4750-B07B-2AB5C21B29A2\_1\_201\_a.jpeg | 71450 | 2025-01-09 16:29:42 |
| 1234 صوتي /IMG\_0600.jpeg | 840907 | 2025-01-09 16:25:14 |
| 1234 صوتي /0c76a8b2-a09d-4bbb-aa35-50a1406e0aea.jpeg | 65460 | 2025-01-09 16:25:14 |
| 1234 صوتي /شهادة المحترف المعتمد في أداء الابتكار.jpeg | 80086 | 2025-01-09 16:24:15 |
| 1234 صوتي /شهادة محترف الابتكار المعتمد.jpeg | 46197 | 2025-01-09 16:24:15 |
| 1234 صوتي /لقطة الشاشة 2025-01-09 152221.png | 90132 | 2025-01-09 15:22:28 |
| 1234 صوتي /IMG\_5594.HEIC | 2112607 | 2024-11-24 17:56:03 |
| 1234 صوتي /IMG\_5594.HEIC | 2112607 | 2024-11-24 17:53:53 |
| 1234 صوتي /httpsnafith.sasanadexport6ba06be9-76e3-43d5-a009-b36154f01b78.jpeg | 930561 | 2024-09-27 12:16:17 |
| 1234 صوتي /تسجيل جديد ١٥.mp3 | 20966520 | 2024-09-27 10:17:41 |
| 1234 صوتي /كيف أنقل مشروعي من مرحلة لمرحلة؟.png | 93477 | 2024-09-14 19:25:07 |
| 1234 صوتي /Screenshot 2024-09-10 at 1.35.14 PM.PNG | 564246 | 2024-09-10 13:35:18 |
| 1234 صوتي /صورة ٢٦ ذو. ح، ١٤٤٥ هـ في الساعة ١٠.٢١ م.JPEG | 83886 | 2024-07-02 22:23:17 |
| 1234 صوتي /‏لقطة الشاشة ١٤٤٥-١١-١٢ في ٣.٤٩.١٧ ص.png | 803994 | 2024-05-20 3:49:22 |
| 1234 صوتي /‏لقطة الشاشة ١٤٤٥-١١-١١ في ٩.٢٦.٢٤ م.png | 2747246 | 2024-05-19 21:26:30 |
| 1234 صوتي /‏لقطة الشاشة ١٤٤٥-١١-١١ في ٩.٢٦.٠٨ م.png | 2306857 | 2024-05-19 21:26:13 |
| 1234 صوتي /Screenshot 1445-11-11 at 3.49.25 PM.png | 832917 | 2024-05-19 15:49:31 |
| 1234 صوتي /Screenshot 1445-11-11 at 3.29.30 PM.png | 855674 | 2024-05-19 15:29:35 |
| 1234 صوتي /Screenshot 1445-11-11 at 3.27.25 PM.png | 1263770 | 2024-05-19 15:27:30 |
| 1234 صوتي /Screenshot 1445-11-11 at 3.25.05 PM.png | 602763 | 2024-05-19 15:25:11 |
| 1234 صوتي /Screenshot 1445-11-10 at 11.11.00 PM.png | 3229334 | 2024-05-18 23:11:06 |
| 1234 صوتي /Screenshot 1445-11-10 at 11.05.36 PM.png | 1246383 | 2024-05-18 23:05:41 |
| 1234 صوتي /Screenshot 1445-11-10 at 11.04.52 PM.png | 839023 | 2024-05-18 23:04:58 |
| 1234 صوتي /Screenshot 1445-11-10 at 10.56.40 PM.png | 2766140 | 2024-05-18 22:56:45 |
| 1234 صوتي /Screenshot 1445-11-08 at 7.19.50 PM.png | 1723840 | 2024-05-16 19:19:56 |
| 1234 صوتي /Screenshot 1445-11-08 at 12.45.23 PM.png | 3420765 | 2024-05-16 12:45:28 |
| 1234 صوتي /Pasted image.jpg | 55149 | 2023-11-26 14:55:40 |
| 1234 صوتي /0 (1).png | 102340 | 2023-11-26 14:53:24 |
| 1234 صوتي /العناوين البريدية .png | 527950 | 2023-11-26 14:52:28 |
| 1234 صوتي /0.png | 87723 | 2023-11-26 14:43:17 |
| 1234 صوتي /‏لقطة الشاشة ١٤٤٥-٠٤-٢٦ في ٢.٣٢.٥٦ م.png | 753863 | 2023-11-10 14:33:02 |
| 1234 صوتي /‏لقطة الشاشة ١٤٤٥-٠٤-٢٦ في ٢.٣١.٣٩ م.png | 1598929 | 2023-11-10 14:32:17 |
| 1234 صوتي /‏لقطة الشاشة ١٤٤٥-٠٤-٢٤ في ٩.٢٣.١٩ م.png | 535789 | 2023-11-08 21:23:30 |
| 1234 صوتي /‏لقطة الشاشة ١٤٤٥-٠٤-١٩ في ١٠.٤٩.١٠ م.png | 722101 | 2023-11-03 22:49:25 |
| 1234 صوتي /‏لقطة الشاشة ١٤٤٥-٠٤-١٩ في ١٠.٤٢.٥٠ م.png | 153841 | 2023-11-03 22:43:22 |
| 1234 صوتي /‏لقطة الشاشة ١٤٤٥-٠٤-١٩ في ٩.٣٦.٢٤ م.png | 1165535 | 2023-11-03 21:36:30 |
| 1234 صوتي /WhatsApp Image 2023-11-01 at 10.54.14 AM.jpeg | 51589 | 2023-11-01 11:32:52 |
| 1234 صوتي /WhatsApp Image 2023-11-01 at 10.54.13 AM (1).jpeg | 42124 | 2023-11-01 11:32:10 |
| 1234 صوتي /WhatsApp Image 2023-11-01 at 10.54.13 AM.jpeg | 36396 | 2023-11-01 11:32:00 |
| 1234 صوتي /‏لقطة الشاشة ١٤٤٥-٠٤-١٤ في ٧.١٤.٣٨ م.png | 1659999 | 2023-10-29 19:14:58 |
| 1234 صوتي /‏لقطة الشاشة ١٤٤٥-٠٤-١٤ في ٦.١٣.٠١ م.png | 2970861 | 2023-10-29 18:13:41 |
| 1234 صوتي /52.png | 118513 | 2023-10-18 9:59:52 |
| 1234 صوتي /‏لقطة الشاشة ١٤٤٥-٠٣-١٦ في ٧.١٣.٢٩ ص.png | 235547 | 2023-10-01 7:13:34 |
| 1234 صوتي /‏لقطة الشاشة ١٤٤٥-٠٣-١٦ في ٧.١٢.١٦ ص.png | 262573 | 2023-10-01 7:12:20 |
| 1234 صوتي /‏لقطة الشاشة ١٤٤٥-٠٣-١٦ في ٧.١٠.٣٥ ص.png | 229964 | 2023-10-01 7:10:39 |
| 1234 صوتي /‏لقطة الشاشة ١٤٤٥-٠٣-١٦ في ٧.٠٣.٥٩ ص.png | 340958 | 2023-10-01 7:04:05 |
| 1234 صوتي /‏لقطة الشاشة ١٤٤٥-٠٣-١٦ في ٦.٥٨.٢٦ ص.png | 1052353 | 2023-10-01 6:58:31 |
| 1234 صوتي /‏لقطة الشاشة ١٤٤٥-٠٣-١٦ في ٦.٥٧.٠٥ ص.png | 772431 | 2023-10-01 6:57:11 |
| 1234 صوتي /‏لقطة الشاشة ١٤٤٥-٠٣-١٦ في ٦.٥٦.١٥ ص.png | 1418931 | 2023-10-01 6:56:21 |
| 1234 صوتي /‏لقطة الشاشة ١٤٤٥-٠٣-١٦ في ٥.٢٣.٠٣ ص.png | 736937 | 2023-10-01 5:23:41 |
| 1234 صوتي /‏لقطة الشاشة ١٤٤٥-٠٣-١٦ في ٥.٢٢.٣٤ ص.png | 1307136 | 2023-10-01 5:22:38 |
| 1234 صوتي /‏لقطة الشاشة ١٤٤٥-٠٣-١٦ في ٥.٢١.٤٦ ص.png | 1578521 | 2023-10-01 5:21:51 |
| 1234 صوتي /‏لقطة الشاشة ١٤٤٥-٠٣-١٦ في ٢.٣٩.١٦ ص.png | 281360 | 2023-10-01 2:39:21 |
| 1234 صوتي /65bbfd27-9d39-4f84-8c77-81833e4350.png | 1440354 | 2023-10-01 0:44:24 |
| 1234 صوتي /65bbfd27-9d39-4f84-8c77-81833e4348.png | 1373406 | 2023-10-01 0:44:24 |
| 1234 صوتي /65bbfd27-9d39-4f84-8c77-81833e4332.png | 1963841 | 2023-10-01 0:44:24 |
| 1234 صوتي /65bbfd27-9d39-4f84-8c77-81833e4346.png | 1359114 | 2023-10-01 0:44:24 |
| 1234 صوتي /65bbfd27-9d39-4f84-8c77-81833e4341.png | 1813261 | 2023-10-01 0:44:24 |
| 1234 صوتي /65bbfd27-9d39-4f84-8c77-81833e4340.png | 1638542 | 2023-10-01 0:44:24 |
| 1234 صوتي /65bbfd27-9d39-4f84-8c77-81833e4349.png | 1604915 | 2023-10-01 0:44:24 |
| 1234 صوتي /65bbfd27-9d39-4f84-8c77-81833e4330.png | 2059404 | 2023-10-01 0:44:24 |
| 1234 صوتي /65bbfd27-9d39-4f84-8c77-81833e4347.png | 1596891 | 2023-10-01 0:44:24 |
| 1234 صوتي /65bbfd27-9d39-4f84-8c77-81833e4344.png | 1789243 | 2023-10-01 0:44:24 |
| 1234 صوتي /65bbfd27-9d39-4f84-8c77-81833e4342.png | 1168368 | 2023-10-01 0:44:24 |
| 1234 صوتي /65bbfd27-9d39-4f84-8c77-81833e4352.png | 1541590 | 2023-10-01 0:44:24 |
| 1234 صوتي /65bbfd27-9d39-4f84-8c77-81833e4339.png | 1191600 | 2023-10-01 0:44:24 |
| 1234 صوتي /65bbfd27-9d39-4f84-8c77-81833e4351.png | 1692236 | 2023-10-01 0:44:24 |
| 1234 صوتي /65bbfd27-9d39-4f84-8c77-81833e4334.png | 1951043 | 2023-10-01 0:44:24 |
| 1234 صوتي /65bbfd27-9d39-4f84-8c77-81833e4353.png | 1183487 | 2023-10-01 0:44:24 |
| 1234 صوتي /65bbfd27-9d39-4f84-8c77-81833e4345.png | 1883853 | 2023-10-01 0:44:24 |
| 1234 صوتي /65bbfd27-9d39-4f84-8c77-81833e4343.png | 1610574 | 2023-10-01 0:44:24 |
| 1234 صوتي /65bbfd27-9d39-4f84-8c77-81833e4337.png | 1777186 | 2023-10-01 0:44:24 |
| 1234 صوتي /65bbfd27-9d39-4f84-8c77-81833e4354.png | 2413917 | 2023-10-01 0:44:24 |
| 1234 صوتي /65bbfd27-9d39-4f84-8c77-81833e4335.png | 1296575 | 2023-10-01 0:44:24 |
| 1234 صوتي /65bbfd27-9d39-4f84-8c77-81833e4331.png | 1969168 | 2023-10-01 0:44:24 |
| 1234 صوتي /65bbfd27-9d39-4f84-8c77-81833e4338.png | 1977150 | 2023-10-01 0:44:24 |
| 1234 صوتي /65bbfd27-9d39-4f84-8c77-81833e4333.png | 1805478 | 2023-10-01 0:44:24 |
| 1234 صوتي /65bbfd27-9d39-4f84-8c77-81833e4336.png | 1455441 | 2023-10-01 0:44:24 |
| 1234 صوتي /65bbfd27-9d39-4f84-8c77-81833e4324.png | 1998999 | 2023-10-01 0:44:22 |
| 1234 صوتي /65bbfd27-9d39-4f84-8c77-81833e4314.png | 2079092 | 2023-10-01 0:44:22 |
| 1234 صوتي /65bbfd27-9d39-4f84-8c77-81833e4318.png | 2108858 | 2023-10-01 0:44:22 |
| 1234 صوتي /65bbfd27-9d39-4f84-8c77-81833e4321.png | 2140893 | 2023-10-01 0:44:22 |
| 1234 صوتي /65bbfd27-9d39-4f84-8c77-81833e4312.png | 2420406 | 2023-10-01 0:44:22 |
| 1234 صوتي /65bbfd27-9d39-4f84-8c77-81833e4327.png | 1989579 | 2023-10-01 0:44:22 |
| 1234 صوتي /65bbfd27-9d39-4f84-8c77-81833e4320.png | 1711587 | 2023-10-01 0:44:22 |
| 1234 صوتي /65bbfd27-9d39-4f84-8c77-81833e4313.png | 2156386 | 2023-10-01 0:44:22 |
| 1234 صوتي /65bbfd27-9d39-4f84-8c77-81833e4319.png | 1980955 | 2023-10-01 0:44:22 |
| 1234 صوتي /65bbfd27-9d39-4f84-8c77-81833e4323.png | 2012036 | 2023-10-01 0:44:22 |
| 1234 صوتي /65bbfd27-9d39-4f84-8c77-81833e4326.png | 2114775 | 2023-10-01 0:44:22 |
| 1234 صوتي /65bbfd27-9d39-4f84-8c77-81833e4322.png | 1920877 | 2023-10-01 0:44:22 |
| 1234 صوتي /65bbfd27-9d39-4f84-8c77-81833e4328.png | 1831891 | 2023-10-01 0:44:22 |
| 1234 صوتي /65bbfd27-9d39-4f84-8c77-81833e4311.png | 2277000 | 2023-10-01 0:44:22 |
| 1234 صوتي /65bbfd27-9d39-4f84-8c77-81833e4316.png | 2262895 | 2023-10-01 0:44:22 |
| 1234 صوتي /65bbfd27-9d39-4f84-8c77-81833e4315.png | 2089510 | 2023-10-01 0:44:22 |
| 1234 صوتي /65bbfd27-9d39-4f84-8c77-81833e4317.png | 1967359 | 2023-10-01 0:44:22 |
| 1234 صوتي /65bbfd27-9d39-4f84-8c77-81833e4329.png | 1837666 | 2023-10-01 0:44:22 |
| 1234 صوتي /65bbfd27-9d39-4f84-8c77-81833e4310.png | 2048394 | 2023-10-01 0:44:22 |
| 1234 صوتي /65bbfd27-9d39-4f84-8c77-81833e4325.png | 2540844 | 2023-10-01 0:44:22 |
| 1234 صوتي /65bbfd27-9d39-4f84-8c77-81833e4309.png | 2144976 | 2023-10-01 0:44:20 |
| 1234 صوتي /65bbfd27-9d39-4f84-8c77-81833e4308.png | 2140791 | 2023-10-01 0:44:20 |
| 1234 صوتي /65bbfd27-9d39-4f84-8c77-81833e4306.png | 2021203 | 2023-10-01 0:44:20 |
| 1234 صوتي /65bbfd27-9d39-4f84-8c77-81833e4302.png | 2424450 | 2023-10-01 0:44:20 |
| 1234 صوتي /65bbfd27-9d39-4f84-8c77-81833e4307.png | 2106516 | 2023-10-01 0:44:20 |
| 1234 صوتي /65bbfd27-9d39-4f84-8c77-81833e4303.png | 2042231 | 2023-10-01 0:44:20 |
| 1234 صوتي /65bbfd27-9d39-4f84-8c77-81833e4304.png | 1692686 | 2023-10-01 0:44:20 |
| 1234 صوتي /65bbfd27-9d39-4f84-8c77-81833e4305.png | 2301093 | 2023-10-01 0:44:20 |
| 1234 صوتي /65bbfd27-9d39-4f84-8c77-81833e4301.png | 1976334 | 2023-10-01 0:44:20 |
| 1234 صوتي /١٢.jpeg | 394909 | 2023-09-30 23:11:10 |
| 1234 صوتي /‏لقطة الشاشة ١٤٤٥-٠٣-١٠ في ١٠.١٤.١٣ م.png | 258245 | 2023-09-25 22:14:19 |
| 1234 صوتي /‏لقطة الشاشة ١٤٤٥-٠٣-١٠ في ١٠.١٣.٥٤ م.png | 2322918 | 2023-09-25 22:14:02 |
| 1234 صوتي /‏لقطة الشاشة ١٤٤٥-٠٢-٠٨ في ٣.٥٠.٤٧ م.png | 556597 | 2023-08-24 15:51:59 |
| 1234 صوتي /‏لقطة الشاشة ١٤٤٥-٠٢-٠٨ في ٣.٣٨.٥٥ م.png | 1088415 | 2023-08-24 15:41:21 |
| 1234 صوتي /‏لقطة الشاشة ١٤٤٥-٠٢-٠٨ في ٣.٣١.٢٨ م.png | 1504787 | 2023-08-24 15:31:46 |
| 1234 صوتي /رقم حساب الراجحي | 1304129 | 2023-04-11 23:09:54 |
| 1234 صوتي /تعميم تشكيل لجنة توجيهية مشتركة مع الصحة | 2053396 | 2023-03-08 8:57:04 |
| 1234 صوتي /image001.png | 191776 | 2023-01-30 21:55:34 |
| 1234 صوتي /Dl7Xa20X0AEHTH4.jpeg | 215105 | 2023-01-10 15:41:01 |
| 1234 صوتي /شهادة التميز | 698453 | 2022-12-18 13:38:10 |
| 1234 صوتي /Copy of 20220808\_082908.jpg | 1896873 | 2022-08-08 8:35:23 |
| 1234 صوتي /20220808\_082908.jpg | 1896873 | 2022-08-08 8:32:21 |
| 1234 صوتي /IMG\_4669.PNG | 1873442 | 2022-05-31 20:35:16 |
| 1234 صوتي /IMG\_4631.HEIC | 3644261 | 2022-05-29 3:49:08 |
| 1234 صوتي /IMG\_4632.HEIC | 3265826 | 2022-05-29 3:49:05 |
| 1234 صوتي /IMG\_4635.HEIC | 2828882 | 2022-05-29 3:48:56 |
| 1234 صوتي /IMG\_4629.HEIC | 2683634 | 2022-05-29 3:48:54 |
| 1234 صوتي /IMG\_4630.HEIC | 2602672 | 2022-05-29 3:48:54 |
| 1234 صوتي /IMG\_4633.HEIC | 2798299 | 2022-05-29 3:48:51 |